name,price,description,features,image link,link
Take Me Back To Brazil,$15.00 ,"Inspired by Rio's Carnival, this sultry collection expands on coveted favorites to unleash a chromatic parade of shimmers, satins, and mattes - plus 2 oversized dual-chrome, ultra-luminous transformers. Samba to the rhythm of passionate purples, tangy yellows, provocative pinks, and more with our redesigned Take Me Back to Brazil 35 Color Pressed Pigment Palette, offering buildable, blendable hues to dazzle the senses. Join Carnival and revel in every daring, flashing moment! Feathered headdress not required.

Variety of bright & bold colors
High, rich color payoff
Ability to create various looks
Velvety smooth mattes & creamy bright shimmers
Black shade to deepen any color
Allergy Tested
Cruelty-Free Product
Vegan","Clinically Tested
Dermatologist Tested
Allergy Tested
Paraben-Free
Gluten-Free
Nano-particle Free
Extra Clean:
	
No Formaldehydes or Formaldehyde-releasing Agents
No Toxic Phthalates
No Mineral Oil
No Retinyl Palmitate
No Oxybenzone
No Coal Tar
No Hydroquinone
No Triclosan or Triclocarban
Not More than 1% of Synthetic Fragrances





Ingredients/Ingrédients / Made in PRC– Total Net Wt / Poids Net 1.23 oz / 35 g ℮ (35 Pressed Pigments / 35 Pigments Pressés/ 35 Gepressten Pigmenten) Mica, Talc, Aluminum Starch Octenylsuccinate, Silica, Dimethicone, Magnesium Stearate, Ethylhexyl Palmitate, Phenoxyethanol. May Contain/Peut Contenir [+/-: Iron Oxides (CI 77491, CI 77492, CI 77499), Titanium Dioxide (CI 77891), Blue 1 Lake (CI 42090:2), Yellow 10 Lake (CI 47005), Ultramarines (CI 77007), Manganese Violet (CI 77742), Red 7 Lake (CI 15850:1), Yellow 5 Lake (CI 19140:1)] <7203> WARNING: For external use only. Avoid direct contact with eyes and keep out of reach of children. Discontinue use if signs of irritation or rash appear. Not intended for use around immediate eye area. AVERTISSEMENT: Réservé à un usage externe. Éviter le contact direct avec les yeux et garder hors de la portée des enfants. Cesser l'utilisation en cas d'apparition d'irritations ou de rougeurs. 


WARNING: For external use only. Avoid direct contact with eyes and keep out of reach of children. *PRESSED PIGMENT SHADOWS ARE NOT INTENDED FOR USE AROUND IMMEDIATE EYE AREA. Discontinue use if signs of irritation or rash appear. AVERTISSEMENT: Réservé à un usage externe. Éviter le contact direct avec les yeux et garder hors de la portée des enfants. Cesser l'utilisation en cas d'apparition d'irritations ou de rougeurs. WARNHINWEIS: Nur für die äußerliche Anwendung. Direkten Kontakt mit den Augen vermeiden und außerhalb der Reichweite von Kindern aufbewahren. Bei Anzeichen für Hautreizungen oder Ausschlag nicht mehr verwenden.",//cdn.shopify.com/s/files/1/0023/9648/7716/products/Take-Me-Back-To-Brazil-35-Color-Pressed-Pigment-Palette-quarter-web_900x900_crop_center.jpg?v=1574055606,https://www.bhcosmetics.com/products/take-me-back-to-brazil-35-color-pressed-pigment-palette
Party in Puerto Rico,$12.75 ,"Live your best life with Party in Puerto Rico. This vegan array of vibrant oranges and pinks plus smoky hits with intense pigment payoff can keep up with beach and rainforest hopping, wild nightlife and everything in between.

Vibrant and smoked-out hues with intense color payoff 
Range of pigment-rich creamy mattes and high-shine shimmers
Buildable, blendable, long-lasting color","Clinically Tested
Dermatologist Tested
Allergy Tested
Paraben-Free
Gluten-Free
Nano-particle Free
Extra Clean:
	
No Formaldehydes or Formaldehyde-releasing Agents
No Toxic Phthalates
No Mineral Oil
No Retinyl Palmitate
No Oxybenzone
No Coal Tar
No Hydroquinone
No Triclosan or Triclocarban
Not More than 1% of Synthetic Fragrances





Ingredients/Ingrédients / Made in PRC – Total Net Wt / Poids Net 0.56 oz / 16 g (7 Eyeshadow / 7 Ombres à Paupières / 7 Lidschatten) EL YUNQUE, SAN JUAN, RINCON, LAGUNA GRANDE, CUEVA VENTANA, CONDADO, & LA FORTALEZA: Mica, Boron Nitride, Pentaerythrityl Tetraisostearate, Diisostearyl Malate, Dimethicone, Magnesium Stearate, Talc (Only in shades EL YUNQUE, LAGUNA GRANDE, & CONDADO), Phenoxyethanol, Tocopheryl Acetate. May Contain/Peut Contenir [+/-: Iron Oxides (CI 77491, CI 77492, CI 77499), Titanium Dioxide (CI 77891), Bismuth Oxychloride (CI 77163), FD&C Yellow 5 Lake (CI 19140:1), Ultramarines (CI 77007), FD&C Red 40 Lake (CI 16035)]. (9 Pressed Pigments* / 9 Pigments Pressés / 9 Gepressten Pigmenten) CULEBRITA, CASTILLO, CULEBRA, CAYO LCACOS, EL MORRO, VIEQUES, ISLA VERDE, FLAMENCO, & COQUI: Boron Nitride, Diisostearyl Malate, Dimethicone, Magnesium Stearate, Mica, Pentaerythrityl Tetraisostearate, Phenoxyethanol, Talc (Only in shades CULEBRITA, CASTILLO, CULEBRA, CAYO LCACOS, EL MORRO, VIEQUES, ISLA VERDE, & FLAMENCO), Tocopheryl Acetate. May Contain/Peut Contenir [+/-: Iron Oxides (CI 77491, CI 77492, CI 77499), Titanium Dioxide (CI 77891), Bismuth Oxychloride (CI 77163), D&C Red 27 Lake (CI 45410), FD&C Red 40 Lake (CI 16035), D&C Red 6 Lake (CI 15850), D&C Red 7 Lake (CI 15850), FD&C Yellow 5 Lake (CI 19140:1), FD&C Yellow 6 Lake (CI 15985)]. <201055.0>


WARNING: For external use only. Avoid direct contact with eyes and keep out of reach of children. *PRESSED PIGMENT SHADOWS CULEBRITA, CASTILLO, CULEBRA, CAYO LCACOS, EL MORRO, VIEQUES, ISLA VERDE, FLAMENCO, & COQUI ARE NOT INTENDED FOR USE AROUND IMMEDIATE EYE AREA. Discontinue use if signs of irritation or rash appear. AVERTISSEMENT: Réservé à un usage externe. Éviter le contact direct avec les yeux et garder hors de la portée des enfants. Cesser l'utilisation en cas d'apparition d'irritations ou de rougeurs. WARNHINWEIS: Nur für die äußerliche Anwendung. Direkten Kontakt mit den Augen vermeiden und außerhalb der Reichweite von Kindern aufbewahren. Bei Anzeichen für Hautreizungen oder Ausschlag nicht mehr verwenden.",//cdn.shopify.com/s/files/1/0023/9648/7716/products/Travel-Series-16-Color-Eyshadow-Palette-Puerto-Rico-Three-Quarter-web_900x900_crop_center.jpg?v=1623188057,https://www.bhcosmetics.com/products/party-in-puerto-rico
Passion in Paris,$12.75 ,"Fall in love with Passion in Paris, a high-fashion, vegan mix of romantic deep berries and cool-toned hues with powerful payoff. Light up every eye look in your itinerary with twinkling shimmer and buttery matte finishes that will stay put from your morning croissant to your evening glass of wine.

Romantic deep berries and cool-toned gray hits
Range of pigment-rich creamy mattes and high-shine shimmers
Buildable, blendable, long-lasting color","Clinically Tested
Dermatologist Tested
Allergy Tested
Paraben-Free
Gluten-Free
Nano-particle Free
Extra Clean:
	
No Formaldehydes or Formaldehyde-releasing Agents
No Toxic Phthalates
No Mineral Oil
No Retinyl Palmitate
No Oxybenzone
No Coal Tar
No Hydroquinone
No Triclosan or Triclocarban
Not More than 1% of Synthetic Fragrances





Ingredients/Ingrédients / Made in PRC – Total Net Wt / Poids Net 0.56 oz / 16 g (7 Eyeshadow / 7 Ombres à Paupières / 7 Lidschatten) CHAMPS-ELYSEES, LOUVRE, CITY OF LIGHT, NORTE DAME, VERSAILLES, MUSEE D'ORSAY, & EIFFEL TOWER: Mica, Boron Nitride, Pentaerythrityl Tetraisostearate, Diisostearyl Malate, Dimethicone, Magnesium Stearate, Talc, Phenoxyethanol, Tocopheryl Acetate. May Contain/Peut Contenir [+/-: Titanium Dioxide (CI 77891), Iron Oxides (CI 77491, CI 77492, CI 77499), Bismuth Oxychloride (CI 77163), Ultramarines (CI 77007), FD&C Red 40 Lake (CI 16035)]. (9 Pressed Pigments* / 9 Pigments Pressés / 9 Gepressten Pigmenten) MONTMARTRE, SACRE-COEUR, TUILERIES, ARC DE TRIOMPHE, SEINE, PANTHEON, GRAND PALAIS, POMPIDOU, & MOULIN ROUGE: Mica, Boron Nitride, Pentaerythrityl Tetraisostearate, Diisostearyl Malate, Dimethicone, Magnesium Stearate, Talc, Phenoxyethanol, Tocopheryl Acetate. May Contain/Peut Contenir [+/-: Titanium Dioxide (CI 77891), Iron Oxides (CI 77491, CI 77492, CI 77499), Bismuth Oxychloride (CI 77163), Ultramarines (CI 77007), Ferric Ammonium Ferrocyanide (CI 77510), D&C Red 7 Lake (CI 15850), D&C Red 27 Lake (CI 45410), FD&C Blue 1 Lake (CI 42090:2), D&C Red 6 Lake (CI 15850)]. <201056.0>


WARNING: For external use only. Avoid direct contact with eyes and keep out of reach of children. *PRESSED PIGMENT SHADOWS MONTMARTRE, SACRE-COEUR, TUILERIES, ARC DE TRIOMPHE, SEINE, PANTHEON, GRAND PALAIS, POMPIDOU, & MOULIN ROUGE ARE NOT INTENDED FOR USE AROUND IMMEDIATE EYE AREA. Discontinue use if signs of irritation or rash appear. AVERTISSEMENT: Réservé à un usage externe. Éviter le contact direct avec les yeux et garder hors de la portée des enfants. Cesser l'utilisation en cas d'apparition d'irritations ou de rougeurs. WARNHINWEIS: Nur für die äußerliche Anwendung. Direkten Kontakt mit den Augen vermeiden und außerhalb der Reichweite von Kindern aufbewahren. Bei Anzeichen für Hautreizungen oder Ausschlag nicht mehr verwenden.",//cdn.shopify.com/s/files/1/0023/9648/7716/products/Travel-Series-16-Color-Eyshadow-Palette-Paris-Three-Quarter-web_900x900_crop_center.jpg?v=1623186334,https://www.bhcosmetics.com/products/passion-in-paris
Pearl for June,$5.40 ,"Make them clutch their pearls in awe. Look like a pure treasure with Pearl for June, a vegan, multi-faceted mix of universally gorgeous brown neutrals, luminous whites and coppers with big pigment payoff. Come straight out of your shell with glitters galore and velvety matte finishes.
Shop the Birthstone Collection
 

Oversized sparkling white hero shade
Deep browns, coppers and pearlescent white tones
Range of long-lasting pressed glitter, matte and shimmer finishes
Compact palette includes a mirror so you can apply your look anywhere","Clinically Tested
Dermatologist Tested
Allergy Tested
Paraben-Free
Gluten-Free
Nano-particle Free
Extra Clean:
	
No Formaldehydes or Formaldehyde-releasing Agents
No Toxic Phthalates
No Mineral Oil
No Retinyl Palmitate
No Oxybenzone
No Coal Tar
No Hydroquinone
No Triclosan or Triclocarban
Not More than 1% of Synthetic Fragrances





Ingredients/Ingrédients 
/ Made in PRC – Total Net Wt / Poids Net 0.32 oz / 9 g (5 Eyeshadow / 5 Ombres à Paupières / 5 Lidschatten) PEARL, SILLY, SENSITIVE, VISIONARY, & BOSSY: Synthetic Fluorphlogopite (Only in shades PEARL, SILLY, & BOSSY), Mica, Magnesium Stearate, Ethylhexyl Palmitate, Tridecyl Trimellitate, Talc (Only in shade SENSITIVE), Dimethicone, Silica (Only in shades SENSITIVE, & VISIONARY), Cellulose (Only in shades PEARL, SILLY, & BOSSY), Bis-Diglyceryl Polyacyladipate-2, Phenoxyethanol, Magnesium Myristate, Copernicia Cerifera (Carnauba) Wax / Copernicia Cerifera Cera / Cire de Carnauba (Only in shades PEARL, SILLY, & BOSSY), Synthetic Wax (Only in shades PEARL, SILLY, & BOSSY), Tin Oxide (Only in shades PEARL, & SILLY), Ethylhexylglycerin, o-Cymen-5-ol, Triethoxycaprylylsilane (Only in shade SENSITIVE). May Contain/Peut Contenir [+/-: Iron Oxides (CI 77491, CI 77492, CI 77499), Titanium Dioxide (CI 77891), Bismuth Oxychloride (CI 77163). (1 Pressed Pigments* / 1 Pigments Pressés / 1 Gepressten Pigmenten) POPULAR: Mica, Magnesium Stearate, Silica, Ethylhexyl Palmitate, Dimethicone, Tridecyl Trimellitate, Magnesium Myristate, Bis-Diglyceryl Polyacyladipate-2, Phenoxyethanol, Ethylhexylglycerin, o-Cymen-5-ol. May Contain/Peut Contenir [+/-: Iron Oxides (CI 77491, CI 77492, CI 77499), Titanium Dioxide (CI 77891), D&C Red 7 Lake (CI 15850). (1 Face & Body Glitter** / 1 Brillants Pour le Visage et le Corps** / 1 Gesichts- & Körperglitter**) SPONTANEOUS: Polyethylene Terephthalate, Ethylhexyl Palmitate, Tridecyl Trimellitate, Bis-Diglyceryl Polyacyladipate-2, Hydroxystearic Acid, Polybutene, Phenoxyethanol, Acrylates Copolymer, Ethylhexylglycerin, o-Cymen-5-ol. <201043.0>


WARNING: **Face & Body Glitters ARE NOT FOR USE AROUND IMMEDIATE EYE AREA Discontinue use if signs of irritation or rash appear. For external use only. Avoid direct contact with eyes and keep out of reach of children. *PRESSED PIGMENT SHADOW POPULAR IS NOT INTENDED FOR USE AROUND IMMEDIATE EYE AREA. AVERTISSEMENT: **Les brillants pour le visage et le corps NE DOIVENT PAS ÊTRE UTILISÉS DANS LA RÉGION IMMÉDIATE DES YEUX. Réservé à un usage externe. Éviter le contact direct avec les yeux et garder hors de la portée des enfants. Cesser l'utilisation en cas d'apparition d'irritations ou de rougeurs. WARNHINWEIS: **Gesichts- & Körperglitter SIND NICHT ZUR ANWENDUNG IN UNMITTELBARER AUGENNÄHE GEEIGNET. Nur für die äußerliche Anwendung. Direkten Kontakt mit den Augen vermeiden und außerhalb der Reichweite von Kindern aufbewahren. Bei Anzeichen für Hautreizungen oder Ausschlag nicht mehr verwenden.",//cdn.shopify.com/s/files/1/0023/9648/7716/products/Birthstone-Pearl-7-Color-Shadow-Palette-Three-Quarter-web_900x900_crop_center.jpg?v=1621273291,https://www.bhcosmetics.com/products/pearl-for-june
Lookin Like a Snack,$11.25 ,"Feel yourself with LOOKIN’ LIKE A SNACK, striking, seductive shades in alluring pinks and corals for when you know you're 100% that b*tch. Look good enough to eat with ultra-pigmented mattes and high-shine shimmers that’ll make ‘em swipe right all day, every day.
SAY IT LOUD WITH THE ENTIRE SAY IT COLLECTION

A fuschia hero center shade surrounded by complementary pinks and corals 
Ultra-pigmented matte and shimmer finishes 
Buildable, blendable, long-lasting color","Clinically Tested
Dermatologist Tested
Allergy Tested
Paraben-Free
Gluten-Free
Nano-particle Free
Extra Clean:
	
No Formaldehydes or Formaldehyde-releasing Agents
No Toxic Phthalates
No Mineral Oil
No Retinyl Palmitate
No Oxybenzone
No Coal Tar
No Hydroquinone
No Triclosan or Triclocarban
Not More than 1% of Synthetic Fragrances





Ingredients/Ingrédients / Made in PRC – Total Net Wt / Poids Net 0.42 oz / 12 g (3 Eyeshadow / 3 Ombres à Paupières / 3 Lidschatten) YUMMY, THOT, & DIRTY TALK: Synthetic Fluorphlogopite, Mica, Magnesium Stearate, Ethylhexyl Palmitate, Calcium Sodium Borosilicate (Only in shades THOT, & DIRTY TALK), Dimethicone, Tridecyl Trimellitate, Silica (Only in shade THOT), Cellulose (Only it shades YUMMY, & DIRTY TALK), Bis-Diglyceryl Polyacyladipate-2, Copernicia Cerifera (Carnauba) Wax / Copernicia Cerifera Cera / Cire de Carnauba (Only it shades YUMMY, & DIRTY TALK), Synthetic Wax (Only it shades YUMMY, & DIRTY TALK), Phenoxyethanol, Magnesium Myristate, Ethylhexylglycerin, o-Cymen-5-ol, Tin Oxide (Only in shades THOT, & DIRTY TALK). May Contain/Peut Contenir [+/-: Titanium Dioxide (CI 77891), Iron Oxides (CI 77491, CI 77492, CI 77499), Bismuth Oxychloride (CI 77163)]. (6 Pressed Pigments* / 6 Pigments Pressés / 6 Gepressten Pigmenten) SWIPE RIGHT, TEENAGE DREAM, YOU UP?, BOOTYLICIOUS, SNATCHED, & HIT THAT: Mica, Talc, Magnesium Stearate, Silica, Ethylhexyl Palmitate, Tridecyl Trimellitate, Dimethicone, Kaolin (Only in shades SNATCHED, & HIT THAT), Magnesium Myristate, Bis-Diglyceryl Polyacyladipate-2, Phenoxyethanol, Synthetic Fluorphlogopite, Synthetic Wax (Only in shades SNATCHED, & HIT THAT), Triethoxycaprylylsilane, Ethylhexylglycerin, o-Cymen-5-ol.. May Contain/Peut Contenir [+/-: Titanium Dioxide (CI 77891), Iron Oxides (CI 77491, CI 77492, CI 77499), Ultramarines (CI 77007), D&C Red 27 Lake (CI 45410), D&C Red 7 Lake (CI 15850), D&C Red 6 Lake (CI 15850)]. <201048.0>


WARNING: For external use only. Avoid direct contact with eyes and keep out of reach of children. *PRESSED PIGMENT SHADOWS SWIPE RIGHT, TEENAGE DREAM, YOU UP?, BOOTYLICIOUS, SNATCHED, & HIT THAT ARE NOT INTENDED FOR USE AROUND IMMEDIATE EYE AREA. Discontinue use if signs of irritation or rash appear. AVERTISSEMENT: Réservé à un usage externe. Éviter le contact direct avec les yeux et garder hors de la portée des enfants. Cesser l'utilisation en cas d'apparition d'irritations ou de rougeurs. WARNHINWEIS: Nur für die äußerliche Anwendung. Direkten Kontakt mit den Augen vermeiden und außerhalb der Reichweite von Kindern aufbewahren. Bei Anzeichen für Hautreizungen oder Ausschlag nicht mehr verwenden.",//cdn.shopify.com/s/files/1/0023/9648/7716/products/Say-It-Lookin-Like-A-Snack-9-Color-Shadow-Three-Quarter-web_900x900_crop_center.jpg?v=1619722771,https://www.bhcosmetics.com/products/lookin-like-a-snack-9-color-shadow-palette
F*** Off,$7.50 ,"Throw up your deuces with F*** OFF, edgy, in-your-face shades in badass, bold dark tones for when you’re feeling fierce AF. Let your look give the finger with ultra-pigmented mattes and high-shine shimmers that scream “K… bye”!
SAY IT LOUD WITH THE ENTIRE SAY IT COLLECTION

A black hero center shade surrounded by complimentary neutrals and dark tones 
Ultra-pigmented matte and shimmer finishes
Buildable, blendable, long-lasting color","Clinically Tested
Dermatologist Tested
Allergy Tested
Paraben-Free
Gluten-Free
Nano-particle Free
Extra Clean:
	
No Formaldehydes or Formaldehyde-releasing Agents
No Toxic Phthalates
No Mineral Oil
No Retinyl Palmitate
No Oxybenzone
No Coal Tar
No Hydroquinone
No Triclosan or Triclocarban
Not More than 1% of Synthetic Fragrances





Ingredients/Ingrédients / Made in PRC – Total Net Wt / Poids Net 0.42 oz / 12 g (6 Eyeshadow / 6 Ombres à Paupières / 6 Lidschatten) K BYE, GET LOST, IDGAF, MIDDLE FINGER, MIC DROP, & DEUCES: Mica, Synthetic Fluorphlogopite (Only in shades IDGAF, & DEUCES), Magnesium Stearate, Talc (Only in shades K BYE, & MIC DROP), Silica (Only in shades K BYE, GET LOST, MIDDLE FINGER, & MIC DROP), Ethylhexyl Palmitate, Dimethicone, Tridecyl Trimellitate, Bis-Diglyceryl Polyacyladipate-2, Cellulose (Only in shades IDGAF, & DEUCES), Magnesium Myristate, Kaolin (Only in shade MIC DROP), Phenoxyethanol, Synthetic Wax (Only in shades IDGAF, MIC DROP, & DEUCES), Copernicia Cerifera (Carnauba) Wax / Copernicia Cerifera Cera / Cire de Carnauba (Only in shades IDGAF, & DEUCES), Triethoxycaprylylsilane(Only in shades K BYE, & MIC DROP), Ethylhexylglycerin, Tin Oxide (Only in shades IDGAF, & DEUCES), o-Cymen-5-ol. May Contain/Peut Contenir [+/-: Titanium Dioxide (CI 77891), Iron Oxides (CI 77491, CI 77492, CI 77499), Bismuth Oxychloride (CI 77163), FD&C Blue 1 Lake (CI 42090:2), D&C Black 2 (CI 77266), Ferric Ferrocyanide (CI 77510), Ferric Ammonium Ferrocyanide (CI 77510)]. (3 Pressed Pigments* / 3 Pigments Pressés / 3 Gepressten Pigmenten) BITE ME, BEAT IT, & BITCH PLEASE: Synthetic Fluorphlogopite (Only in shade BITCH PLEASE), Magnesium Stearate, Talc (Only in shades BITE ME, & BEAT IT), Mica, Ethylhexyl Palmitate, Silica (Only in shades BITE ME, & BEAT IT), Kaolin (Only in shades BITE ME, & BEAT IT), Tridecyl Trimellitate, Dimethicone, Synthetic Wax (Only in shade BITCH PLEASE), Bis-Diglyceryl Polyacyladipate-2, Cellulose, Phenoxyethanol, Copernicia Cerifera (Carnauba) Wax / Copernicia Cerifera Cera / Cire de Carnauba (Only in shade BITCH PLEASE), Magnesium Myristate, Triethoxycaprylylsilane (Only in shades BITE ME, & BEAT IT), Tin Oxide (Only in shade BITCH PLEASE), Ethylhexylglycerin, o-Cymen-5-ol. May Contain/Peut Contenir [+/-: Titanium Dioxide (CI 77891), Iron Oxides (CI 77491, CI 77492, CI 77499), Ferric Ammonium Ferrocyanide (CI 77510), D&C Red 7 Lake (CI 15850), D&C Red 27 Lake (CI 45410), Bismuth Oxychloride (CI 77163), D&C Black 2 (CI 77266)]. <201046.0>
 
 
WARNING: For external use only. Avoid direct contact with eyes and keep out of reach of children. *PRESSED PIGMENT SHADOWS BITE ME, BEAT IT, & BITCH PLEASE ARE NOT INTENDED FOR USE AROUND IMMEDIATE EYE AREA. Discontinue use if signs of irritation or rash appear. AVERTISSEMENT: Réservé à un usage externe. Éviter le contact direct avec les yeux et garder hors de la portée des enfants. Cesser l'utilisation en cas d'apparition d'irritations ou de rougeurs. WARNHINWEIS: Nur für die äußerliche Anwendung. Direkten Kontakt mit den Augen vermeiden und außerhalb der Reichweite von Kindern aufbewahren. Bei Anzeichen für Hautreizungen oder Ausschlag nicht mehr verwenden.",//cdn.shopify.com/s/files/1/0023/9648/7716/products/Say-It-Fuck-Off-Palette-Three-Quarter-web_900x900_crop_center.jpg?v=1619638666,https://www.bhcosmetics.com/products/fuck-off-9-color-shadow-palette
Let That S*** Go,$7.50 ,"Burn your sage and shake the haters off with LET THAT S*** GO, earthy, zenned-out shades in intense greens and browns. Give off the perfect amount of chill kid vibes with ultra-pigmented mattes and high-shine shimmers that prove you’re 100% OVER IT.
SAY IT LOUD WITH THE ENTIRE SAY IT COLLECTION

A bright green hero center shade surrounded by complementary earth tones
Ultra-pigmented matte and shimmer finishes 
Buildable, blendable, long-lasting color","Clinically Tested
Dermatologist Tested
Allergy Tested
Paraben-Free
Gluten-Free
Nano-particle Free
Extra Clean:
	
No Formaldehydes or Formaldehyde-releasing Agents
No Toxic Phthalates
No Mineral Oil
No Retinyl Palmitate
No Oxybenzone
No Coal Tar
No Hydroquinone
No Triclosan or Triclocarban
Not More than 1% of Synthetic Fragrances





Ingredients/Ingrédients / Made in PRC – Total Net Wt / Poids Net 0.42 oz / 12 g (8 Eyeshadow / 8 Ombres à Paupières / 8 Lidschatten) NAMASTE, BLISSED OUT, MJ, GOOD KARMA, CHILL PILL, PALO SANTO, SAGE STICK, & OVER IT: Mica, Synthetic Fluorphlogopite (Only in shades NAMASTE, MJ, GOOD KARMA, & SAGE STICK), Magnesium Stearate, Ethylhexyl Palmitate, Silica (Only in shades BLISSED OUT, CHILL PILL, PALO SANTO, & OVER IT), Tridecyl Trimellitate, Dimethicone, Talc (Only in shades BLISSED OUT, PALO SANTO, & OVER IT), Calcium Sodium Borosilicate (Only in shade GOOD KARMA), Cellulose (Only in shades NAMASTE, MJ, GOOD KARMA, & SAGE STICK), Bis-Diglyceryl Polyacyladipate-2, Synthetic Wax (Only in shades NAMASTE, MJ, GOOD KARMA, SAGE STICK, & OVER IT), Magnesium Myristate, Phenoxyethanol, Kaolin, Copernicia Cerifera (Carnauba) Wax / Copernicia Cerifera Cera / Cire de Carnauba (Only in shades NAMASTE, MJ, GOOD KARMA, & SAGE STICK), Tin Oxide (Only in shades NAMASTE, MJ, GOOD KARMA, & SAGE STICK), Ethylhexylglycerin, Triethoxycaprylylsilane (Only in shades BLISSED OUT, PALO SANTO, & OVER IT), o-Cymen-5-ol. May Contain/Peut Contenir [+/-: Titanium Dioxide (CI 77891), Iron Oxides (CI 77491, CI 77492, CI 77499), Bismuth Oxychloride (CI 77163), Ferric Ammonium Ferrocyanide (CI 77510), FD&C Yellow 5 Lake (CI 19140:1), FD&C Blue 1 Lake (CI 42090:2), D&C Black 2 (CI 77266)]. (1 Pressed Pigments* / 1 Pigments Pressés / 1 Gepressten Pigmenten) SHAKE IT OFF: Synthetic Fluorphlogopite, Calcium Sodium Borosilicate, Magnesium Stearate, Ethylhexyl Palmitate, Cellulose, Dimethicone, Tridecyl Trimellitate, Copernicia Cerifera (Carnauba) Wax / Copernicia Cerifera Cera / Cire de Carnauba, Synthetic Wax, Bis-Diglyceryl Polyacyladipate-2, Phenoxyethanol, Tin Oxide, Mica, Ethylhexylglycerin, o-Cymen-5-ol, Magnesium Myristate. May Contain/Peut Contenir [+/-: Titanium Dioxide (CI 77891), Iron Oxides (CI 77491, CI 77492, CI 77499), Bismuth Oxychloride (CI 77163), D&C Yellow 10 Lake (CI 47005), FD&C Blue 1 Lake (CI 42090:2), FD&C Yellow 5 Lake (CI 19140:1)]. <201047.0>
WARNING: For external use only. Avoid direct contact with eyes and keep out of reach of children. *PRESSED PIGMENT SHADOWSHAKE IT OFF IS NOT INTENDED FOR USE AROUND IMMEDIATE EYE AREA. Discontinue use if signs of irritation or rash appear. AVERTISSEMENT: Réservé à un usage externe. Éviter le contact direct avec les yeux et garder hors de la portée des enfants. Cesser l'utilisation en cas d'apparition d'irritations ou de rougeurs. WARNHINWEIS: Nur für die äußerliche Anwendung. Direkten Kontakt mit den Augen vermeiden und außerhalb der Reichweite von Kindern aufbewahren. Bei Anzeichen für Hautreizungen oder Ausschlag nicht mehr verwenden.",//cdn.shopify.com/s/files/1/0023/9648/7716/products/Say-It-Let-That-Shit-Go-Palette-Three-Quarter-web_900x900_crop_center.jpg?v=1619651707,https://www.bhcosmetics.com/products/let-that-shit-go-9-color-shadow-palette
Do Not Disturb,$11.25 ,"Keep the buzzkills away and stay in your zone with DO NOT DISTURB, moody, cerulean shades in brilliant blues and icy cool violets for days when you just *can’t*. Brood to your heart’s content (and don’t be afraid to hit the mute button) with ultra-pigmented mattes and high-shine shimmers that scream “b*tch don’t kill my vibe.”
SAY IT LOUD WITH THE ENTIRE SAY IT COLLECTION

A teal hero center shade surrounded by complementary icy hues and blues
Ultra-pigmented matte and shimmer fishes
Buildable, blendable, long-lasting color","Clinically Tested
Dermatologist Tested
Allergy Tested
Paraben-Free
Gluten-Free
Nano-particle Free
Extra Clean:
	
No Formaldehydes or Formaldehyde-releasing Agents
No Toxic Phthalates
No Mineral Oil
No Retinyl Palmitate
No Oxybenzone
No Coal Tar
No Hydroquinone
No Triclosan or Triclocarban
Not More than 1% of Synthetic Fragrances





Ingredients/Ingrédients / Made in PRC – Total Net Wt / Poids Net 0.42 oz / 12 g (5 Eyeshadow / 5 Ombres à Paupières / 5 Lidschatten) GETTING LOST, ME TIME, SILENT MODE, PERSONAL SPACE, & DON'T BOTHER: Mica, Synthetic Fluorphlogopite (Only in shades GETTING LOST, & ME TIME), Magnesium Stearate, Calcium Aluminum Borosilicate (Only in shades ME TIME, & DON'T BOTHER), Ethylhexyl Palmitate, Talc(Only in PERSONAL SPACE), Tridecyl Trimellitate, Silica (Only in shades SILENT MODE, & PERSONAL SPACE), Calcium Sodium Borosilicate (Only in shade GETTING LOST), Dimethicone, Cellulose (Only in shades GETTING LOST, ME TIME, & DON'T BOTHER), Synthetic Wax (Only in shades PERSONAL SPACE, GETTING LOST, ME TIME, & DON'T BOTHER), Kaolin (Only in PERSONAL SPACE), Bis-Diglyceryl Polyacyladipate-2, Phenoxyethanol, Copernicia Cerifera (Carnauba) Wax / Copernicia Cerifera Cera / Cire de Carnauba (Only in shades GETTING LOST, ME TIME, & DON'T BOTHER), Magnesium Myristate, Tin Oxide (Only in shades GETTING LOST, ME TIME, & DON'T BOTHER), Triethoxycaprylylsilane (Only in PERSONAL SPACE), Ethylhexylglycerin, o-Cymen-5-ol. May Contain/Peut Contenir [+/-: Titanium Dioxide (CI 77891), Iron Oxides (CI 77491, CI 77492, CI 77499), Bismuth Oxychloride (CI 77163), Ferric Ammonium Ferrocyanide (CI 77510), FD&C Blue 1 Lake (CI 42090:2), FD&C Yellow 5 Lake (CI 19140:1), D&C Black 2 (CI 77266), Ultramarines (CI 77007)]. (4 Pressed Pigments* / 4 Pigments Pressés / 4 Gepressten Pigmenten) PEACE OUT, NOT TODAY, ON HOLD, & OFF THE GRID: Mica, Calcium Sodium Borosilicate (Only in shades ON HOLD, & OFF THE GRID), Synthetic Fluorphlogopite (Only in shades ON HOLD, & OFF THE GRID), Magnesium Stearate, Talc (Only in shades PEACE OUT, & NOT TODAY), Ethylhexyl Palmitate, Silica (Only in shades PEACE OUT, & NOT TODAY), Dimethicone, Tridecyl Trimellitate, Cellulose (Only in shades ON HOLD, & OFF THE GRID), Kaolin (Only in shade NOT TODAY), Synthetic Wax (Only in shades NOT TODAY, ON HOLD, & OFF THE GRID), Bis-Diglyceryl Polyacyladipate-2, Calcium Aluminum Borosilicate (Only in shade ON HOLD), Phenoxyethanol, Magnesium Myristate, Copernicia Cerifera (Carnauba) Wax / Copernicia Cerifera Cera / Cire de Carnauba (Only in shades ON HOLD, & OFF THE GRID), Tin Oxide (Only in shades ON HOLD, & OFF THE GRID), Triethoxycaprylylsilane (Only in shades PEACE OUT, & NOT TODAY), Ethylhexylglycerin, o-Cymen-5-ol. May Contain/Peut Contenir [+/-: Titanium Dioxide (CI 77891), Iron Oxides (CI 77491, CI 77492, CI 77499), Ultramarines (CI 77007), Bismuth Oxychloride (CI 77163), D&C Red 27 Lake (CI 45410), D&C Red 7 Lake (CI 15850)]. <201045.0>
 


WARNING: For external use only. Avoid direct contact with eyes and keep out of reach of children. *PRESSED PIGMENT SHADOWS PEACE OUT, NOT TODAY, ON HOLD, & OFF THE GRID ARE NOT INTENDED FOR USE AROUND IMMEDIATE EYE AREA. Discontinue use if signs of irritation or rash appear. AVERTISSEMENT: Réservé à un usage externe. Éviter le contact direct avec les yeux et garder hors de la portée des enfants. Cesser l'utilisation en cas d'apparition d'irritations ou de rougeurs. WARNHINWEIS: Nur für die äußerliche Anwendung. Direkten Kontakt mit den Augen vermeiden und außerhalb der Reichweite von Kindern aufbewahren. Bei Anzeichen für Hautreizungen oder Ausschlag nicht mehr verwenden.",//cdn.shopify.com/s/files/1/0023/9648/7716/products/Say-It-Do-Not-Disturb-9-Color-Shadow-Palette-Three-Quarter-web_900x900_crop_center.jpg?v=1619630223,https://www.bhcosmetics.com/products/do-not-disturb-9-color-shadow-palette
Low Key Love You,$11.25 ,"Don’t be afraid to catch feelings with LOW KEY LOVE YOU, warm and fuzzy shades in vibrant peaches and neutrals that’ll give you butterflies. Let the warming look of love wash over you with ultra-pigmented mattes and high-shine shimmers that are truly bae status.
SAY IT LOUD WITH THE ENTIRE SAY IT COLLECTION

A vibrant red hero center shade surrounded by complimentary neutrals and peaches
Ultra-pigmented matte and shimmer finishes 
Buildable, blendable, long-lasting color","Clinically Tested
Dermatologist Tested
Allergy Tested
Paraben-Free
Gluten-Free
Nano-particle Free
Extra Clean:
	
No Formaldehydes or Formaldehyde-releasing Agents
No Toxic Phthalates
No Mineral Oil
No Retinyl Palmitate
No Oxybenzone
No Coal Tar
No Hydroquinone
No Triclosan or Triclocarban
Not More than 1% of Synthetic Fragrances





Ingredients/Ingrédients / Made in PRC – Total Net Wt / Poids Net 0.42 oz / 12 g (4 Eyeshadow / 4 Ombres à Paupières / 4 Lidschatten) MAYBE BABY, DTR, NO STATUS, & CRUSH: Mica, Synthetic Fluorphlogopite (Only in shades NO STATUS, & CRUSH), Talc (Only in shades MAYBE BABY, & DTR), Magnesium Stearate, Ethylhexyl Palmitate, Silica (Only in shades MAYBE BABY, & DTR), Dimethicone, Tridecyl Trimellitate, Cellulose (Only in shades NO STATUS, & CRUSH), Magnesium Myristate, Bis-Diglyceryl Polyacyladipate-2, Phenoxyethanol, Copernicia Cerifera (Carnauba) Wax / Copernicia Cerifera Cera / Cire de Carnauba (Only in shades NO STATUS, & CRUSH), Synthetic Wax (Only in shades NO STATUS, & CRUSH), Triethoxycaprylylsilane (Only in shades MAYBE BABY, & DTR), Ethylhexylglycerin, o-Cymen-5-ol. May Contain/Peut Contenir [+/-: Iron Oxides (CI 77491, CI 77492, CI 77499), Titanium Dioxide (CI 77891), Bismuth Oxychloride (CI 77163), D&C Black 2 (CI 77266)]. (5 Pressed Pigments* / 5 Pigments Pressés / 5 Gepressten Pigmenten) BAE, MY FAVE, CATCHING FEELINGS, 143, & CURRENTLY CASUAL: Mica, Synthetic Fluorphlogopite (Only in shade 143), Magnesium Stearate, Silica (Only in shades BAE, MY FAVE, CATCHING FEELINGS, & CURRENTLY CASUAL), Ethylhexyl Palmitate, Tridecyl Trimellitate, Talc (Only in shades MY FAVE, & CURRENTLY CASUAL), Dimethicone, Calcium Sodium Borosilicate (Only in shade 143), Magnesium Myristate, Bis-Diglyceryl Polyacyladipate-2, Phenoxyethanol, Cellulose (Only in shade 143), Copernicia Cerifera (Carnauba) Wax / Copernicia Cerifera Cera / Cire de Carnauba (Only in shade 143), Synthetic Wax (Only in shade 143), Ethylhexylglycerin, o-Cymen-5-ol, Triethoxycaprylylsilane (Only in shades MY FAVE, & CURRENTLY CASUAL), Tin Oxide (Only in shade 143). May Contain/Peut Contenir [+/-: Iron Oxides (CI 77491, CI 77492, CI 77499), Titanium Dioxide (CI 77891), Bismuth Oxychloride (CI 77163), D&C Red 6 Lake (CI 15850), D&C Red 7 Lake (CI 15850), D&C Red 27 Lake (CI 45410), FD&C Red 40 Lake (CI 16035), FD&C Yellow 6 Lake (CI 15985)]. <201050.0>


WARNING: For external use only. Avoid direct contact with eyes and keep out of reach of children. *PRESSED PIGMENT SHADOWS BAE, MY FAVE, CATCHING FEELINGS, 143, & CURRENTLY CASUAL ARE NOT INTENDED FOR USE AROUND IMMEDIATE EYE AREA. Discontinue use if signs of irritation or rash appear. AVERTISSEMENT: Réservé à un usage externe. Éviter le contact direct avec les yeux et garder hors de la portée des enfants. Cesser l'utilisation en cas d'apparition d'irritations ou de rougeurs. WARNHINWEIS: Nur für die äußerliche Anwendung. Direkten Kontakt mit den Augen vermeiden und außerhalb der Reichweite von Kindern aufbewahren. Bei Anzeichen für Hautreizungen oder Ausschlag nicht mehr verwenden.",//cdn.shopify.com/s/files/1/0023/9648/7716/products/Say-It-Low-Key-Love-You-9-Color-Shadow-Palette-Three-Quarter-web_900x900_crop_center.jpg?v=1619721102,https://www.bhcosmetics.com/products/low-key-love-you-9-color-shadow-palette
Base Booster Glitter & Shadow Glue,$4.00 ,"Use our Base Booster - Glitter & Shadow Glue to enhance shine and lock in the glamorous look of loose glitters and pigments. Cream formula dries clear and keeps glitter where you put it.Apply a small amount of glue to eyelids with Studio Pro Silicone - Paddle Applicator or finger, then tap on loose glitters and pigments and press lightly.

Enhances shadows & glitter pigment
Easy application with finger, brush, or silicone paddle
Can be used to layer on top of shadow or as a base","Clinically Tested
Dermatologist Tested
Allergy Tested
Paraben-Free
Gluten-Free
Nano-particle Free
Extra Clean:
	
No Formaldehydes or Formaldehyde-releasing Agents
No Toxic Phthalates
No Mineral Oil
No Retinyl Palmitate
No Oxybenzone
No Coal Tar
No Hydroquinone
No Triclosan or Triclocarban
Not More than 1% of Synthetic Fragrances





Ingredients/Ingrédients / Made in Taiwan– 0.33 fl oz / 10 ml (Glitter & Shadow Glue / Colle Pour Brillance et Ombre / Glitter- & Pigmentleim) Water/Aqua/Eau, Beeswax/Cera Alba/Cire d'abeille, Glycerin, Glyceryl Stearate, Propylene Glycol, Jojoba Esters, Butyrospermum Parkii (Shea) Butter, Stearic Acid, PVP, Sorbitan Sesquioleate, Tocopheryl Acetate, VP/Hexadecene Copolymer, Aminomethyl Propanol, Acrylates Copolymer, Phenoxyethanol, Caprylyl Glycol, Tocopherol. <71228.0>
 
WARNING: For external use only. Avoid direct contact with eyes and keep out of reach of children. Discontinue use if signs of irritation or rash appear. AVERTISSEMENT: Réservé à un usage externe. Éviter le contact direct avec les yeux et garder hors de la portée des enfants. Cesser l'utilisation en cas d'apparition d'irritations ou de rougeurs. WARNHINWEIS: Nur für die äußerliche Anwendung. Direkten Kontakt mit den Augen vermeiden und außerhalb der Reichweite von Kindern aufbewahren. Bei Anzeichen für Hautreizungen oder Ausschlag nicht mehr verwenden.",//cdn.shopify.com/s/files/1/0023/9648/7716/products/Base-Booster-Glitter-_-Shadow-Glue-front-web_900x900_crop_center.jpg?v=1574055635,https://www.bhcosmetics.com/products/base-booster-glitter-shadow-glue
BH Liquid Eyeliner,$4.00 ,"Easy to use and quick-drying, this highly-pigmented liquid eyeliner has a perfectly thin tip to achieve precise application. Go from thin and defined to bold and dramatic in just one stroke! Its long-lasting smudge-proof formula ensures that your look will hold up on even the longest days.

Vegan
Quick-drying
Highly-pigmented
Smudge-proof
Long-lasting","Clinically Tested
Dermatologist Tested
Allergy Tested
Paraben-Free
Gluten-Free
Nano-particle Free
Extra Clean:
	
No Formaldehydes or Formaldehyde-releasing Agents
No Toxic Phthalates
No Mineral Oil
No Retinyl Palmitate
No Oxybenzone
No Coal Tar
No Hydroquinone
No Triclosan or Triclocarban
Not More than 1% of Synthetic Fragrances





Ingredients/Ingrédients / Made in PRC – Net Wt / Poids Net 1.2 mL /0.04 oz Water/Aqua/Eau, Acrylates/Ammonium Methacrylate Copolymer, Dimethicone, Hyaluronic Acid, PEG-15 Hydroxystearate, Phenoxyethanol May Contain/Peut Contenir [+/-: Iron Oxides (CI 77491, CI 77492, CI 77499)] <4523>


WARNING: For external use only. Avoid direct contact with eyes and keep out of reach of children. Discontinue use if signs of irritation or rash appear. AVERTISSEMENT: Réservé à un usage externe. Éviter le contact direct avec les yeux et garder hors de la portée des enfants. Cesser l'utilisation en cas d'apparition d'irritations ou de rougeurs. WARNHINWEIS: Nur für die äußerliche Anwendung. Direkten Kontakt mit den Augen vermeiden und außerhalb der Reichweite von Kindern aufbewahren. Bei Anzeichen für Hautreizungen oder Ausschlag nicht mehr verwenden.",//cdn.shopify.com/s/files/1/0023/9648/7716/products/56464b1c0e740ec650bd97ca03069f38_e8337cce-478d-457c-8170-54aec1910d14_900x900_crop_center.jpg?v=1574055633,https://www.bhcosmetics.com/products/bh-liquid-eyeliner-black
Poison Shock Liquid Eyeshadow,$4.50 ,"Give off the ultimate evil eye with Poison Shock Liquid Eyeshadows. Pick the poison that suits you best, then slay with quick-drying, long-lasting color and a multi-dimensional shimmer finish. Glide the doe-foot applicator over the eyelid or use your finger to blend and distribute pigment. Can be worn alone or layered for a super sinister glow.
Shop the Poison Shock Collection

Wild range of colors: pick the killer shade that suits you best
Multi-dimensional shimmer finish
Can be worn alone or used as a shadow topper","Clinically Tested
Dermatologist Tested
Allergy Tested
Paraben-Free
Gluten-Free
Nano-particle Free
Extra Clean:
	
No Formaldehydes or Formaldehyde-releasing Agents
No Toxic Phthalates
No Mineral Oil
No Retinyl Palmitate
No Oxybenzone
No Coal Tar
No Hydroquinone
No Triclosan or Triclocarban
Not More than 1% of Synthetic Fragrances





Ingredients/Ingrédients / Made in Taiwan – Net Wt / Poids Net 0.07 oz / 2 g (Liquid Eyeshadow / Ombres à Paupières de Liquide / Flüssiges Lidschatten) Water/Aqua/Eau, Polyethylene Terephthalate, Synthetic Fluorphlogopite, Mica (Only in Scorpion Sting, Ghost Pepper, Nightshade & Venom), Bentonite, Calcium Aluminum Borosilicate (Only in Sub-Zero & Nightshade), Ammonium Acrylates Copolymer, Diisostearyl Malate, PEG-40 Hydrogenated Castor Oil, Phenoxyethanol, Calcium Sodium Borosilicate (Only in Nightshade), Ammonium Acryloyldimethyltaurate/VP Copolymer, Tocopheryl Acetate, Xanthan Gum, Caprylyl Glycol, Tin Oxide, Acrylates Copolymer, Caprylyl Glycol, Polyurethane-11 (Only in Venom). May Contain/Peut Contenir [+/-: Titanium Dioxide (CI 77891), Iron Oxides (CI 77491, CI 77492, CI 77499), Aluminum Powder (CI 77000), Ferric Ferrocyanide (CI 77510), FD&C Blue 1 (CI 42090), FD&C Yellow 5 (CI 19140)]. < 210308.0>


WARNING: For external use only. Avoid direct contact with eyes and keep out of reach of children. Discontinue use if signs of irritation or rash appear. AVERTISSEMENT: Réservé à un usage externe. Éviter le contact direct avec les yeux et garder hors de la portée des enfants. Cesser l'utilisation en cas d'apparition d'irritations ou de rougeurs. WARNHINWEIS: Nur für die äußerliche Anwendung. Direkten Kontakt mit den Augen vermeiden und außerhalb der Reichweite von Kindern aufbewahren. Bei Anzeichen für Hautreizungen oder Ausschlag nicht mehr verwenden.",//cdn.shopify.com/s/files/1/0023/9648/7716/products/Poison-Shock-Marketing-_17_900x900_crop_center.jpg?v=1633039158,https://www.bhcosmetics.com/products/poison-shock-liquid-eyeshadow
Lost In Los Angeles,$12.75 ,"You’ve got stars in your eyes, babe. Stun all the way from bougie Beverly Hills to the Hollywood Walk of Fame with show-stopping looks from our Lost in Los Angeles - 16 Color Shadow Palette. Create best coast vibes with each stroke of this pretty-in-pastel array of lustrous shimmers and silky smooth mattes. Each vegan hue is inspired by selfie-centric street art and graffiti walls around the sprawling city of angels and influencers. 

Bright and beautiful pastel shades paired with creamy neutrals 
Rich matte and shimmer finishes provide one-application pigment payoff 
Buildable, blendable and extra long-lasting formula","Clinically Tested
Dermatologist Tested
Allergy Tested
Paraben-Free
Gluten-Free
Nano-particle Free
Extra Clean:
	
No Formaldehydes or Formaldehyde-releasing Agents
No Toxic Phthalates
No Mineral Oil
No Retinyl Palmitate
No Oxybenzone
No Coal Tar
No Hydroquinone
No Triclosan or Triclocarban
Not More than 1% of Synthetic Fragrances





Ingredients/Ingrédients / Made in PRC – Total Net Wt / Poids Net 0.56 oz / 16 g (8 Eyeshadow / 8 Ombres à Paupières / 8 Lidschatten) Synthetic Fluorphlogopite (Only in shades RODEO DRIVE, RUSH HOUR, STARSTRUCK, THE HILLS, & CITY OF ANGELS), Mica, Magnesium Stearate, Calcium Sodium Borosilicate (Only in shades RUSH HOUR, THE HILLS, & CITY OF ANGELS), Ethylhexyl Palmitate, Talc (Only in shades RUNYON CANYON, LAX, & THE ABBEY), Tridecyl Trimellitate, Dimethicone, Silica (Only in shades RUNYON CANYON, LAX, & THE ABBEY), Cellulose (Only in shades RODEO DRIVE, RUSH HOUR, STARSTRUCK, THE HILLS, & CITY OF ANGELS), Boron Nitride (Only in shades RUNYON CANYON, LAX, & THE ABBEY), Bis-Diglyceryl Polyacyladipate-2, Phenoxyethanol, Magnesium Myristate, Copernicia Cerifera (Carnauba) Wax / Copernicia Cerifera Cera / Cire de Carnauba (Only in shades RODEO DRIVE, RUSH HOUR, STARSTRUCK, THE HILLS, & CITY OF ANGELS), Synthetic Wax (Only in shades RODEO DRIVE, RUSH HOUR, STARSTRUCK, THE HILLS, & CITY OF ANGELS), Tin Oxide (Only in shades RODEO DRIVE, RUSH HOUR, STARSTRUCK, THE HILLS, & CITY OF ANGELS), Ethylhexylglycerin, Triethoxycaprylylsilane (Only in shades RUNYON CANYON, LAX, & THE ABBEY), o-Cymen-5-ol. May Contain/Peut Contenir [+/-: Titanium Dioxide (CI 77891), Iron Oxides (CI 77491, CI 77492, CI 77499), Bismuth Oxychloride (CI 77163), Ferric Ammonium Ferrocyanide (CI 77510), Ferric Ferrocyanide (CI 77510), FD&C Blue 1 Lake (CI 42090:2), FD&C Yellow 5 Lake (CI 19140:1)]. (8 Pressed Pigments* / 8 Pigments Pressés / 8 Gepressten Pigmenten) Mica, Synthetic Fluorphlogopite (Only in shades MALIBU, MELROSE, & SUNSET BLVD), Talc, Magnesium Stearate, Ethylhexyl Palmitate, Silica (Only in shades 90210, THE 405, WEHO, ABBOT, KINNEY, & DREAMER), Dimethicone, Tridecyl Trimellitate, Calcium Sodium Borosilicate (Only in shades MALIBU, MELROSE, & SUNSET BLVD), Boron Nitride (Only in shades 90210, THE 405, WEHO, ABBOT KINNEY, & DREAMER), Magnesium Myristate, Cellulose (Only in shades MALIBU, MELROSE, & SUNSET BLVD), Bis-Diglyceryl Polyacyladipate-2, Phenoxyethanol, Copernicia Cerifera (Carnauba) Wax / Copernicia Cerifera Cera / Cire de Carnauba (Only in shades MALIBU, MELROSE, SUNSET BLVD), Synthetic Wax (Only in shades MALIBU, MELROSE, & SUNSET BLVD), Tin Oxide (Only in shades MALIBU, MELROSE, & SUNSET BLVD), Ethylhexylglycerin, Triethoxycaprylylsilane, o-Cymen-5-ol. May Contain/Peut Contenir [+/-: Titanium Dioxide (CI 77891), Iron Oxides (CI 77491, CI 77492, CI 77499), FD&C Blue 1 Lake (CI 42090:2), D&C Red 27 Lake (CI 45410), Bismuth Oxychloride (CI 77163), Ferric Ammonium Ferrocyanide (CI 77510), Ultramarines (CI 77007), FD&C Yellow 5 Lake (CI 19140:1), FD&C Yellow 6 Lake (CI 15985), D&C Yellow 10 Lake (CI 47005), D&C Red 6 Lake (CI 15850), D&C Red 7 Lake (CI 15850)]. <20723.0>
 


WARNING: For external use only. Avoid direct contact with eyes and keep out of reach of children. *PRESSED PIGMENT SHADOWS 90210, THE 405, WEHO, ABBOT KINNEY, DREAMER, MALIBU, MELROSE, & SUNSET BLVD ARE NOT INTENDED FOR USE AROUND IMMEDIATE EYE AREA. Discontinue use if signs of irritation or rash appear. AVERTISSEMENT: Réservé à un usage externe. Éviter le contact direct avec les yeux et garder hors de la portée des enfants. Cesser l'utilisation en cas d'apparition d'irritations ou de rougeurs. WARNHINWEIS: Nur für die äußerliche Anwendung. Direkten Kontakt mit den Augen vermeiden und außerhalb der Reichweite von Kindern aufbewahren. Bei Anzeichen für Hautreizungen oder Ausschlag nicht mehr verwenden.",//cdn.shopify.com/s/files/1/0023/9648/7716/products/Travel-Series-LA-Shadow-Palette-Three-Quarter-web_900x900_crop_center.jpg?v=1607974885,https://www.bhcosmetics.com/products/lost-in-los-angeles
Trendy in Tokyo,$12.75 ,"Embrace the electric vibes of Japan's capital city with Trendy in Tokyo. This striking kaleidoscope of smooth mattes and lustrous shimmers in bright vegan hues will keep you going 24/7 with the neon-lit metropolis.


Electric neon pinks, blues, purples, greens and yellows
Range of pigment-rich creamy mattes and high-shine shimmers
Buildable, blendable, long-lasting color","Clinically Tested
Dermatologist Tested
Allergy Tested
Paraben-Free
Gluten-Free
Nano-particle Free
Extra Clean:
	
No Formaldehydes or Formaldehyde-releasing Agents
No Toxic Phthalates
No Mineral Oil
No Retinyl Palmitate
No Oxybenzone
No Coal Tar
No Hydroquinone
No Triclosan or Triclocarban
Not More than 1% of Synthetic Fragrances





Ingredients/Ingrédients / Made in PRC – Total Net Wt / Poids Net 0.56 oz / 16 g (11 Eyeshadow / 11 Ombres à Paupières / 11 Lidschatten) Synthetic Fluorphlogopite, Mica, Talc, Ethylhexyl Palmitate, Dimethicone, Magnesium Stearate, Polymethylsilsesquioxane, Triethoxycaprylylsilane, Nylon-12, Phenoxyethanol, Caprylyl Glycol, Tin Oxide. May Contain/Peut Contenir [+/-: Titanium Dioxide (CI 77891), Iron Oxides (CI 77491, CI 77492, CI 77499), Ultramarines (CI 77007), Bismuth Oxychloride (CI 77163), FD&C Red 40 Lake (CI 16035), FD&C Yellow 5 Lake (CI 19140:1), FD&C Blue 1 Lake (CI 42090:2), Chromium Hydroxide Green (CI 77289), Manganese Violet (CI 77742), Ferric Ferrocyanide (CI 77510)]. (5 Pressed Pigments* / 5 Pigments Pressés / 5 Gepressten Pigmenten) Synthetic Fluorphlogopite, Mica, Talc, Ethylhexyl Palmitate, Dimethicone, Magnesium Stearate, Polymethylsilsesquioxane, Triethoxycaprylylsilane, Nylon-12, Phenoxyethanol, Caprylyl Glycol, Tin Oxide. May Contain/Peut Contenir [+/-: Titanium Dioxide (CI 77891), Iron Oxides (CI 77491, CI 77492, CI 77499), Ultramarines (CI 77007), Bismuth Oxychloride (CI 77163), D&C Red 6 Lake (CI 15850), D&C Red 7 Lake (CI 15850:1), D&C Red 27 Lake (CI 45410:2), FD&C Red 40 Lake (CI 16035), FD&C Yellow 5 Lake (CI 19140:1), FD&C Yellow 6 Lake (CI 15985:1)]. <9614.1>
 


WARNING: For external use only. Avoid direct contact with eyes and keep out of reach of children. *PRESSED PIGMENT SHADOWS Anime, Fashion, Emoji, Sushi, Mt. Fuji ARE NOT INTENDED FOR USE AROUND IMMEDIATE EYE AREA. Discontinue use if signs of irritation or rash appear. AVERTISSEMENT: Réservé à un usage externe. Éviter le contact direct avec les yeux et garder hors de la portée des enfants. Cesser l'utilisation en cas d'apparition d'irritations ou de rougeurs. WARNHINWEIS: Nur für die äußerliche Anwendung. Direkten Kontakt mit den Augen vermeiden und außerhalb der Reichweite von Kindern aufbewahren. Bei Anzeichen für Hautreizungen oder Ausschlag nicht mehr verwenden.",//cdn.shopify.com/s/files/1/0023/9648/7716/products/Travel-Series-Tokyo-16-Color-Eyeshadow-Palette-Three-Quarter-web_900x900_crop_center.jpg?v=1621898060,https://www.bhcosmetics.com/products/trendy-in-tokyo
Hangin' in Hawaii,$12.75 ,"If you like pina coladas and a beachy beat, say Aloha to tropical paradise with our Hangin' in Hawaii - 16 Color Shadow Palette. This lush, vegan mix of sandy and toasted coconut tones with pops of pigmented melon and spice offers endless radiant and long-lasting looks for day and night.

Lush mix of warm oranges and pink neutrals 
Range of pigment-rich creamy mattes and high-shine shimmers
Buildable, blendable, long-lasting color","Clinically Tested
Dermatologist Tested
Allergy Tested
Paraben-Free
Gluten-Free
Nano-particle Free
Extra Clean:
	
No Formaldehydes or Formaldehyde-releasing Agents
No Toxic Phthalates
No Mineral Oil
No Retinyl Palmitate
No Oxybenzone
No Coal Tar
No Hydroquinone
No Triclosan or Triclocarban
Not More than 1% of Synthetic Fragrances





Ingredients/Ingrédients / Made in PRC – Total Net Wt / Poids Net 0.56 oz / 16 g (16 Eyeshadow / 16 Ombres à Paupières / 16 Lidschatten) Mica, Talc, Nylon-12, Boron Nitride, Diisostearyl Malate, Dimethicone, Magnesium Stearate, Pentaerythrityl Tetraisostearate, Tocopheryl Acetate, Aluminum Hydroxide, Triethoxycaprylylsilane, Phenoxyethanol. May Contain/Peut Contenir [+/-: Titanium Dioxide (CI 77891), Bismuth Oxychloride (CI 77163), Iron Oxides (CI 77491, CI 77492, CI 77499), FD&C Red #40 Aluminum Lake (CI 16035), Ultramarines (CI 77007)]. <8818.0>    
WARNING: For external use only. Avoid direct contact with eyes and keep out of reach of children. Discontinue use if signs of irritation or rash appear. AVERTISSEMENT: Réservé à un usage externe. Éviter le contact direct avec les yeux et garder hors de la portée des enfants. Cesser l'utilisation en cas d'apparition d'irritations ou de rougeurs.",//cdn.shopify.com/s/files/1/0023/9648/7716/products/Travel-Series-Hanging-In-Hawaii-Three-Quarter-web_900x900_crop_center.jpg?v=1614894364,https://www.bhcosmetics.com/products/hangin-in-hawaii
Miss Claus,$4.50 ,"Keep all your goodies together while you ride the sleigh with Miss Claus - Cosmetic Bag. This half-moon shaped red faux leather bag with metallic zipper closure features a white puff charm so you can always feel the spirit of the season.

Shop the Miss Claus Collection

Red faux leather with zipper closure
Festive white puff charm
Perfect size to fit all your makeup must-haves","Clinically Tested
Dermatologist Tested
Allergy Tested
Paraben-Free
Gluten-Free
Nano-particle Free",//cdn.shopify.com/s/files/1/0023/9648/7716/products/Miss-Claus-Marketing_20-web_900x900_crop_center.jpg?v=1635791931,https://www.bhcosmetics.com/products/miss-claus
Studio Pro Matte Finish Pressed Powder,$5.50 ,"Silky and gorgeous, this matte pressed powder applies smoothly with light coverage while absorbing excess oils.


Paraben & Oil Free!
Hyaluronic Acid- Naturally Moisturizing Hydration
Oil-Absorbing Powder
Sheer To Medium Coverage
Non-irritating formula
Clinically Tested
Allergy Tested
Vegan","Clinically Tested
Dermatologist Tested
Allergy Tested
Paraben-Free
Gluten-Free
Nano-particle Free
Extra Clean:
	
No Formaldehydes or Formaldehyde-releasing Agents
No Toxic Phthalates
No Mineral Oil
No Retinyl Palmitate
No Oxybenzone
No Coal Tar
No Hydroquinone
No Triclosan or Triclocarban
Not More than 1% of Synthetic Fragrances





Ingredients/Ingrédients / Made in Taiwan – Net Wt / Poids Net 0.38 oz / 11 g (Foundation / Fond de Teint) Talc, Mica, Methyl Methacrylate Crosspolymer, Dimethicone, Petrolatum, Pentaerythrityl Tetraisostearate, Silica Dimethyl Silylate, Phenoxyethanol, Ethylhexylglycerin. May Contain/Peut Contenir [+/-: Iron Oxides (CI 77491, CI 77492, CI 77499)]. <4016.1>
WARNING: For external use only. Avoid direct contact with eyes and keep out of reach of children. Discontinue use if signs of irritation or rash appear. AVERTISSEMENT: Réservé à un usage externe. Éviter le contact direct avec les yeux et garder hors de la portée des enfants. Cesser l'utilisation en cas d'apparition d'irritations ou de rougeurs. WARNHINWEIS: Nur für die äußerliche Anwendung. Direkten Kontakt mit den Augen vermeiden und außerhalb der Reichweite von Kindern aufbewahren. Bei Anzeichen für Hautreizungen oder Ausschlag nicht mehr verwenden.",//cdn.shopify.com/s/files/1/0023/9648/7716/products/260adbe329ecbbeedf3de38dab43613f_900x900_crop_center.jpg?v=1574055610,https://www.bhcosmetics.com/products/studio-pro-matte-finish-pressed-powder
Belgian Waffle,$7.00 ,"This Belgian Waffle will have you looking toasted to perfection. Our vegan 6 Color Baked Bronzer & Highlighter Palette features irresistible warm and cool-toned blends with buttery matte and glistening shimmer finishes for all skin tones. Get lit with a simple sweep onto the jawline, cheeks, chin and nose. Decadently delicious, no syrup needed.

Satisfy all the cravings and shop the entire Weekend Vibes Collection!

Warm and cool-toned hues provide that coveted, incandescent glow
Baked matte and shimmer finishes
Buildable, blendable and extra long-lasting formula","Clinically Tested
Dermatologist Tested
Allergy Tested
Paraben-Free
Gluten-Free
Nano-particle Free
Extra Clean:
	
No Formaldehydes or Formaldehyde-releasing Agents
No Toxic Phthalates
No Mineral Oil
No Retinyl Palmitate
No Oxybenzone
No Coal Tar
No Hydroquinone
No Triclosan or Triclocarban
Not More than 1% of Synthetic Fragrances





Ingredients/Ingrédients / Made in Taiwan – Total Net Wt / Poids Net 0.92 oz / 26 g (6 Bronzer & Highlighter / 6 Bronzeur et Poudre Illuminatrice / 6 Bronzer und Highlighter) Buttermilk, Batter, & Cinnamon Shades: Mica, Octyldodecyl Stearoyl Stearate, Synthetic Fluorphlogopite (Only in Cinnamon Shade), Bis-Diglyceryl Polyacyladipate-2, Dimethicone, Pentaerythrityl Tetraisostearate, Phenoxyethanol, Silica, Ethylhexylglycerin, Tin Oxide. Powdered Sugar, Syrup, & Maple Shades: Mica, Dimethicone, Octyldodecyl Stearoyl Stearate, Pentaerythrityl Tetraisostearate, Aluminum Starch Octenylsuccinate, Dimethicone/Vinyl Dimethicone Crosspolymer, Silica, Phenoxyethanol, Ethylhexylglycerin. May Contain/Peut Contenir [+/-: Iron Oxides (CI 77491, CI 77492, CI 77499), Titanium Dioxide (CI 77891), FD&C Red 40 Lake (CI 16035)]. <91125.1>


WARNING: For external use only. Avoid direct contact with eyes and keep out of reach of children. Discontinue use if signs of irritation or rash appear. AVERTISSEMENT: Réservé à un usage externe. Éviter le contact direct avec les yeux et garder hors de la portée des enfants. Cesser l'utilisation en cas d'apparition d'irritations ou de rougeurs. WARNHINWEIS: Nur für die äußerliche Anwendung. Direkten Kontakt mit den Augen vermeiden und außerhalb der Reichweite von Kindern aufbewahren. Bei Anzeichen für Hautreizungen oder Ausschlag nicht mehr verwenden.",//cdn.shopify.com/s/files/1/0023/9648/7716/products/Weekend-Vibes-Belgian-Waffle-three-quarter-web_900x900_crop_center.jpg?v=1590156252,https://www.bhcosmetics.com/products/belgian-waffle
Say It! Shimmer Gloss,$4.50 ,"Say it from the heart! Your lips are doing the talking louder and clearer with SAY IT! Shimmer Gloss. These sparkling, ultra-wearable glosses are inspired by your emotions. 
Express your truth with just one swipe of these plumping, high-shine lippies that leave nothing to the imagination.
SAY IT LOUD WITH THE ENTIRE SAY IT COLLECTION

Fun range of colors for a fresh pop that matches your vibe
High-shine, shimmer finishes
Comfy menthol plumping plus moisturizing formula","Fuck Off: Ingredients/Ingrédients / Made in Taiwan – Net 0.7 fl oz / 2.2 ml (Lipgloss / Brillant à Lèvres / Lip Gloss) Polybutene, Ethylhexyl Palmitate, Tridecyl Trimellitate, Diisostearyl Malate, Hydrogenated Polyisobutene, Silica Silylate, Polyethylene, Polyglyceryl-3 Diisostearate, Mica, Synthetic Fluorphlogopite, Hydrogenated Microcrystalline Wax, Menthoxypropanediol, Calcium Aluminum Borosilicate, Ethylene/Propylene/Styrene Copolymer, Calcium Sodium Borosilicate, Phenoxyethanol, Tocopheryl Acetate, Calcium Titanium Borosilicate, Fragrance (Parfum), Butylene/Ethylene/Styrene Copolymer, Silica Dimethyl Silylate, Butylene Glycol, Dimethicone, Caprylyl Glycol, Pentaerythrityl Tetra-di-t-butyl Hydroxyhydrocinnamate, Sodium Hyaluronate, Linalool, Benzyl Alcohol, Limonene, Hexylene Glycol, Tin Oxide, Titanium/Titanium Dioxide. May Contain/Peut Contenir [+/-: Iron Oxides (CI 77491, CI 77492, CI 77499), Titanium Dioxide (CI 77891), D&C Red 6 Lake (CI 15850), D&C Red 7 Lake (CI 15850), FD&C Yellow 5 Lake (CI 19140:1), FD&C Red 40 Lake (CI 16035)]. <201264.0>
 
Do Not Disturb: Ingredients/Ingrédients / Made in Taiwan – Net 0.7 fl oz / 2.2 ml (Lipgloss / Brillant à Lèvres / Lip Gloss) Polybutene, Ethylhexyl Palmitate, Tridecyl Trimellitate, Diisostearyl Malate, Hydrogenated Polyisobutene, Silica Silylate, Polyethylene, Polyglyceryl-3 Diisostearate, Mica, Synthetic Fluorphlogopite, Hydrogenated Microcrystalline Wax, Menthoxypropanediol, Calcium Aluminum Borosilicate, Ethylene/Propylene/Styrene Copolymer, Calcium Sodium Borosilicate, Phenoxyethanol, Tocopheryl Acetate, Calcium Titanium Borosilicate, Fragrance (Parfum), Butylene/Ethylene/Styrene Copolymer, Silica Dimethyl Silylate, Butylene Glycol, Dimethicone, Caprylyl Glycol, Pentaerythrityl Tetra-di-t-butyl Hydroxyhydrocinnamate, Sodium Hyaluronate, Linalool, Benzyl Alcohol, Limonene, Hexylene Glycol, Tin Oxide, Titanium/Titanium Dioxide.
Let That Shit Go: 

Ingredients/Ingrédients / Made in Taiwan – Net 0.7 fl oz / 2.2 ml (Lipgloss / Brillant à Lèvres / Lip Gloss) Polybutene, Ethylhexyl Palmitate, Tridecyl Trimellitate, Diisostearyl Malate, Hydrogenated Polyisobutene, Silica Silylate, Polyethylene, Polyglyceryl-3 Diisostearate, Mica, Synthetic Fluorphlogopite, Hydrogenated Microcrystalline Wax, Menthoxypropanediol, Calcium Aluminum Borosilicate, Ethylene/Propylene/Styrene Copolymer, Calcium Sodium Borosilicate, Phenoxyethanol, Tocopheryl Acetate, Calcium Titanium Borosilicate, Fragrance (Parfum), Butylene/Ethylene/Styrene Copolymer, Silica Dimethyl Silylate, Butylene Glycol, Dimethicone, Caprylyl Glycol, Pentaerythrityl Tetra-di-t-butyl Hydroxyhydrocinnamate, Sodium Hyaluronate, Linalool, Benzyl Alcohol, Limonene, Hexylene Glycol, Tin Oxide, Titanium/Titanium Dioxide. May Contain/Peut Contenir [+/-: Iron Oxides (CI 77491, CI 77492, CI 77499), Titanium Dioxide (CI 77891), D&C Red 6 Lake (CI 15850), D&C Red 7 Lake (CI 15850), FD&C Yellow 5 Lake (CI 19140:1), FD&C Red 40 Lake (CI 16035)]. <201264.0>
Lookin' Like a Snack: 

Ingredients/Ingrédients / Made in Taiwan – Net 0.7 fl oz / 2.2 ml (Lipgloss / Brillant à Lèvres / Lip Gloss) Polybutene, Ethylhexyl Palmitate, Tridecyl Trimellitate, Diisostearyl Malate, Hydrogenated Polyisobutene, Silica Silylate, Polyethylene, Polyglyceryl-3 Diisostearate, Mica, Synthetic Fluorphlogopite, Hydrogenated Microcrystalline Wax, Menthoxypropanediol, Calcium Aluminum Borosilicate, Ethylene/Propylene/Styrene Copolymer, Calcium Sodium Borosilicate, Phenoxyethanol, Tocopheryl Acetate, Calcium Titanium Borosilicate, Fragrance (Parfum), Butylene/Ethylene/Styrene Copolymer, Silica Dimethyl Silylate, Butylene Glycol, Dimethicone, Caprylyl Glycol, Pentaerythrityl Tetra-di-t-butyl Hydroxyhydrocinnamate, Sodium Hyaluronate, Linalool, Benzyl Alcohol, Limonene, Hexylene Glycol, Tin Oxide, Titanium/Titanium Dioxide. May Contain/Peut Contenir [+/-: Iron Oxides (CI 77491, CI 77492, CI 77499), Titanium Dioxide (CI 77891), D&C Red 6 Lake (CI 15850), D&C Red 7 Lake (CI 15850), FD&C Yellow 5 Lake (CI 19140:1), FD&C Red 40 Lake (CI 16035)]. <201264.0>
Low Key Love You: 

Ingredients/Ingrédients / Made in Taiwan – Net 0.7 fl oz / 2.2 ml (Lipgloss / Brillant à Lèvres / Lip Gloss) Polybutene, Ethylhexyl Palmitate, Tridecyl Trimellitate, Diisostearyl Malate, Hydrogenated Polyisobutene, Silica Silylate, Polyethylene, Polyglyceryl-3 Diisostearate, Mica, Synthetic Fluorphlogopite, Hydrogenated Microcrystalline Wax, Menthoxypropanediol, Calcium Aluminum Borosilicate, Ethylene/Propylene/Styrene Copolymer, Calcium Sodium Borosilicate, Phenoxyethanol, Tocopheryl Acetate, Calcium Titanium Borosilicate, Fragrance (Parfum), Butylene/Ethylene/Styrene Copolymer, Silica Dimethyl Silylate, Butylene Glycol, Dimethicone, Caprylyl Glycol, Pentaerythrityl Tetra-di-t-butyl Hydroxyhydrocinnamate, Sodium Hyaluronate, Linalool, Benzyl Alcohol, Limonene, Hexylene Glycol, Tin Oxide, Titanium/Titanium Dioxide. May Contain/Peut Contenir [+/-: Iron Oxides (CI 77491, CI 77492, CI 77499), Titanium Dioxide (CI 77891), D&C Red 6 Lake (CI 15850), D&C Red 7 Lake (CI 15850), FD&C Yellow 5 Lake (CI 19140:1), FD&C Red 40 Lake (CI 16035)]. <201264.0>
Optimistic AF: 

Ingredients/Ingrédients / Made in Taiwan – Net 0.7 fl oz / 2.2 ml (Lipgloss / Brillant à Lèvres / Lip Gloss) Polybutene, Ethylhexyl Palmitate, Tridecyl Trimellitate, Diisostearyl Malate, Hydrogenated Polyisobutene, Silica Silylate, Polyethylene, Polyglyceryl-3 Diisostearate, Mica, Synthetic Fluorphlogopite, Hydrogenated Microcrystalline Wax, Menthoxypropanediol, Calcium Aluminum Borosilicate, Ethylene/Propylene/Styrene Copolymer, Calcium Sodium Borosilicate, Phenoxyethanol, Tocopheryl Acetate, Calcium Titanium Borosilicate, Fragrance (Parfum), Butylene/Ethylene/Styrene Copolymer, Silica Dimethyl Silylate, Butylene Glycol, Dimethicone, Caprylyl Glycol, Pentaerythrityl Tetra-di-t-butyl Hydroxyhydrocinnamate, Sodium Hyaluronate, Linalool, Benzyl Alcohol, Limonene, Hexylene Glycol, Tin Oxide, Titanium/Titanium Dioxide. May Contain/Peut Contenir [+/-: Iron Oxides (CI 77491, CI 77492, CI 77499), Titanium Dioxide (CI 77891), D&C Red 6 Lake (CI 15850), D&C Red 7 Lake (CI 15850), FD&C Yellow 5 Lake (CI 19140:1), FD&C Red 40 Lake (CI 16035)]. <201264.0>


WARNING: For external use only. Keep out of reach of children. Discontinue use if irritation or rash appear. AVERTISSEMENT: Réservé à un usage externe. Garder hors de la portée des enfants. Cesser l'utilisation en cas d'apparition d'irritations ou de rougeurs. WARNHINWEIS: Nur für die äußerliche Anwendung. Außerhalb der Reichweite von Kindern aufbewahren. Bei Anzeichen für Hautreizungen oder Ausschlag nicht mehr verwenden.",//cdn.shopify.com/s/files/1/0023/9648/7716/products/Say-It-Low-Key-Love-You-Cap-On-web_900x900_crop_center.jpg?v=1619817179,https://www.bhcosmetics.com/products/say-it-shimmer-gloss
Topper Shock,$6.00 ,"Pucker up and blow ‘em the kiss of death with Poison Shock Topper Shock - Holographic Lip Gloss, a high-shine, moisturizing formula of clear gloss and multi-dimensional sparkle. The plush, doe foot applicator offers one-swipe iridescent dimension that can be rocked alone or layered over killer color for an even more powerful pout.
Shop the Poison Shock Collection","Clinically Tested
Dermatologist Tested
Allergy Tested
Paraben-Free
Gluten-Free
Nano-particle Free
Extra Clean:
	
No Formaldehydes or Formaldehyde-releasing Agents
No Toxic Phthalates
No Mineral Oil
No Retinyl Palmitate
No Oxybenzone
No Coal Tar
No Hydroquinone
No Triclosan or Triclocarban
Not More than 1% of Synthetic Fragrances





Ingredients/Ingrédients / Made in Taiwan – Net Wt / Poids Net 0.14 oz / 4 g (Lipgloss / Brillant à Lèvres / Lip Gloss) Polybutene, Tridecyl Trimellitate, Bis-Diglyceryl Polyacyladipate-2, Ethylhexyl Palmitate, Silica Silylate, Polyethylene, Polyglyceryl-3 Diisostearate, Hydrogenated Microcrystalline Wax, Calcium Sodium Borosilicate, Calcium Aluminum Borosilicate, Flavor (Aroma), Phenoxyethanol, Ethylhexyl Palmitate, Tocopheryl Acetate, Mangifera Indica (Mango) Seed Butter, Simmondsia Chinensis (Jojoba) Seed Oil, Tribehenin, Tin Oxide, Sorbitan Isostearate, Palmitoyl Tripeptide-1, Titanium Dioxide (CI 77891). <210207.0>


WARNING: For external use only. Avoid direct contact with eyes and keep out of reach of children. Discontinue use if signs of irritation or rash appear. AVERTISSEMENT: Réservé à un usage externe. Éviter le contact direct avec les yeux et garder hors de la portée des enfants. Cesser l'utilisation en cas d'apparition d'irritations ou de rougeurs. WARNHINWEIS: Nur für die äußerliche Anwendung. Direkten Kontakt mit den Augen vermeiden und außerhalb der Reichweite von Kindern aufbewahren. Bei Anzeichen für Hautreizungen oder Ausschlag nicht mehr verwenden.",//cdn.shopify.com/s/files/1/0023/9648/7716/products/Poison-Shock-Marketing_900x900_crop_center.jpg?v=1633039851,https://www.bhcosmetics.com/products/poison-shock-topper-shock
BH Signature Rose Gold,$19.50 ,"The secret to expert makeup application is expert makeup brushes, and our BH Signature Rose Gold - 13 Piece Brush Set is the ultimate - a full wardrobe of face and eye brushes that handles all your application needs beautifully and efficiently. The glossy black and rose gold brushes have firm yet flexible synthetic bristles designed for use with liquids, creams and powders, providing precision, control and professional looking results every time. Stylish and sophisticated, the set comes in a classic black and gold 'bh' designed angled brush holder for convenient storage and travel.

Angled Brush Holder Included
Cruelty Free Synthetic Brushes
Designed to shape, sculpt & define facial features
Flawlessly buffs makeup for an airbrushed effect
Vegan

Brush Set Includes:
Pointed Powder Brush
Powder Brush
Flat Top Brush
Small Contour Brush
Fluffy Blending Brush
Tapered Blending Brush
Flat Shader Brush
Dense Shader Brush
Angled Shading Brush
Detailing Pencil Brush
Angled Brow Brush
Bent Fine Liner Brush
Brow & Lash Brush",NA,//cdn.shopify.com/s/files/1/0023/9648/7716/products/BH_Signature_Rose_Gold_13_Piece_Brush_Set_1_900x900_crop_center.jpg?v=1574055633,https://www.bhcosmetics.com/products/bh-signature-rose-gold-13-piece-brush-set
SAY IT!,$15.20 ,"How do you want to slay today? Be a show-off with Say It! – 6 Piece Eye Brush Set with Bag, a mix of essentials to line, define, blend and smudge just the way you like it. Boasting all-white handles and super-soft black vegan bristles, black tagged handles plus a logo zipper pouch to keep your brushes locked up with all your emotive palettes, you’ll always be able to wear your mood loud and proud.
SAY IT LOUD WITH THE ENTIRE SAY IT COLLECTION

Ultra-plush vegan bristles
Tagged handles that shout out each eye technique 
Logo zipper pouch to keep your brushes (&matching palettes!) all in one place","Clinically Tested
Dermatologist Tested
Allergy Tested
Paraben-Free
Gluten-Free
Nano-particle Free
Extra Clean:
	
No Formaldehydes or Formaldehyde-releasing Agents
No Toxic Phthalates
No Mineral Oil
No Retinyl Palmitate
No Oxybenzone
No Coal Tar
No Hydroquinone
No Triclosan or Triclocarban
Not More than 1% of Synthetic Fragrances",//cdn.shopify.com/s/files/1/0023/9648/7716/products/Say-It-6-Piece-Set-Group-web_900x900_crop_center.jpg?v=1619725289,https://www.bhcosmetics.com/products/say-it-6-piece-eye-brush-set-with-bag
Bombshell Beauty,$20.80 ,"Amplify your glam to perfection with our Bombshell Beauty – 10 Piece Brush Set. Featuring plush synthetic bristles and elegant pink handles, this essential collection of face and eye brushes offers precise placement and a blended finish of liquids, creams and powders for exquisite eyes and a radiant complexion.

Whisper-soft synthetic bristles
Multi-functional for face and eyes
Perfect for defining features and buffing out color
Cruelty-free
Comes with cosmetics bag","Clinically Tested
Dermatologist Tested
Allergy Tested
Paraben-Free
Gluten-Free
Nano-particle Free",//cdn.shopify.com/s/files/1/0023/9648/7716/products/Bombshell-Beauty-10PC-Brush-Set-bag-group-web_900x900_crop_center.jpg?v=1574055642,https://www.bhcosmetics.com/products/bombshell-beauty
Brunch Bunch,$21.00 ,"Grab the Brunch Bunch to pull it all together. This 11 Piece Makeup Brush Set will have you looking like a snack… or actually, like a whole (brunch) meal. Our lavish, vegan collection of 4 face and 7 eye brushes offers seamless coverage, impeccable application and expert definition. These fluffy synthetic bristles line, blend, buff and shade even the hardest-to-reach areas. From foundation to eyeliner and everything in between, this set has you covered. Rose-colored resin handles and rose gold ferrules provide a weighted, luxe feel that makes it easy to serve your look au naturel or with a sparkling statement.

Satisfy all the cravings and shop the entire Weekend Vibes Collection!

Peach resin handles and rose gold ferrules
Plush bristles made with synthetic fibers
Blends liquids, creams and powders for both face and eyes","Clinically Tested
Dermatologist Tested
Allergy Tested
Paraben-Free
Gluten-Free
Nano-particle Free",//cdn.shopify.com/s/files/1/0023/9648/7716/products/Weekend-Vibes-Brunch-Bunch-Brush-Set-overhead-web_900x900_crop_center.jpg?v=1590183986,https://www.bhcosmetics.com/products/brunch-bunch
Remix Dance Brush Beat,$21.00 ,"Pump up the jam and just beat it with Remix Dance - 10 Piece  Brush Set with Bag. These multi-use vegan face and eye brushes feature disco ball inspired handles with flecks of silver glitter, plus silver ferrules and ultra-plush synthetic bristles. This set also includes an iridescent glitter bag to keep your looks (and moves) tight all night long.  

Super-soft vegan bristles
Disco ball inspired handles and silver ferrules
Multi-use for both face and eyes","Clinically Tested
Dermatologist Tested
Allergy Tested
Paraben-Free
Gluten-Free
Nano-particle Free",//cdn.shopify.com/s/files/1/0023/9648/7716/products/Remix-Dance-10-Piece-Brush-Set-Group-web_900x900_crop_center.jpg?v=1617386018,https://www.bhcosmetics.com/products/remix-dance-brush-beat
Travel Series,$15.00 ,"The wanderlust is real when it comes to our Travel Series - 7 Piece Brush Set with Bag. These face and eye essential brushes are packed up with plush, synthetic bristles for flawless vacation and staycation vibes. Each ergonomic vegan brush blends, sculpts and diffuses with effortless precision and plays well with liquid, cream and powder formulas. Complete with a travel-sized carrying pouch, you’ll be ready to jet set in no time.

Multifunctional for face and eyes
Super-soft synthetic vegan bristles 
Comfy ergonomic design for expert application","Clinically Tested
Dermatologist Tested
Allergy Tested
Paraben-Free
Gluten-Free
Nano-particle Free",//cdn.shopify.com/s/files/1/0023/9648/7716/products/Travel-7-Piece-Brush-Set-Group-web_900x900_crop_center.jpg?v=1607977866,https://www.bhcosmetics.com/products/travel-series
Marble Luxe,$33.60 ,"Add an elegant touch to your vanity with our Marble Luxe - 10 Piece Brush Set, a decadent collection of face and eye brushes that offer perfect application, seamless coverage, and flawless definition. Featuring marbleized handles, rose gold ferrules and silky-soft two-tone synthetic bristles, this set includes a variety of full brushes for foundation, blush, bronzer and highlighter, as well as eye brushes to blend, line and define for the ultimate indulgent occasion.

Synthetic bristles create the perfect finish
Perfect for flawless and precise application
Great for building or buffing powders, liquids and creams
Vegan",NA,//cdn.shopify.com/s/files/1/0023/9648/7716/products/Marble-Luxe_10_Piece_Brush_Set_1_900x900_crop_center.jpg?v=1569303422,https://www.bhcosmetics.com/products/marble-luxe-10-piece-brush-set
Hello Holo,$23.20 ,"Flaunt your fiercest looks with our Hello Holo – 10 Piece Brush Set, a collection of chic face and eye brushes that offer seamless coverage, precise application and flawless definition. Featuring iridescent holographic handles, silver ferrules and silky-soft two-tone synthetic bristles, this set includes a variety of full brushes for foundation, blush and highlighter, as well as eye brushes to achieve your perfect level of glam. Plus, the set comes with a sleek matching zip-up bag for easy touch-ups in a flash.

Plush synthetic bristles
Applies liquids, creams and powders precisely
Multifunctional for face and eyes
Includes holographic bag for storage
Vegan",NA,//cdn.shopify.com/s/files/1/0023/9648/7716/products/Hello_Halo-Brush-Set-brush-with-bag-web_900x900_crop_center.jpg?v=1638993314,https://www.bhcosmetics.com/products/hello-holo
Take Me Back to Brazil Brushes,$20.80 ,"Let the dazzling spirit of Carnival inspire you with our Take Me Back to Brazil – 10 Piece Brush Set, a festive collection of face and eye brushes that offer all you need for flawless application. The brushes feature polished metal handles in exotic tropical hues and plush two-tone synthetic bristles to accent every contour and curve for stunning party-ready looks.



	Lush bristles create the perfect finish
Soft blend of synthetic hairs
Metalized handles that assists in precise application
Cruelty-free",NA,//cdn.shopify.com/s/files/1/0023/9648/7716/products/Take-Me-Brush-Set-overhead-web_900x900_crop_center.jpg?v=1574055651,https://www.bhcosmetics.com/products/take-me-back-to-brazil-brush-set
Constellation,$28.00 ,"Create your own fate (and look) with the Constellation - 12 Piece Face & Eye Brush Set. Featuring multi-use vegan brushes complete with shiny night sky colored handles with elements from each month’s sign and ultra-plush synthetic bristles, these must-haves are sure to unleash your personal, transformative energy.

Glittery, night sky colored handles with elements from each month’s sign
Plush, synthetic bristles
Easily blends liquid, cream and powder formulas",NA,//cdn.shopify.com/s/files/1/0023/9648/7716/products/Mystic-Zodiac-Constellation-12-Piece-Face-Eye-Brush-Set-Overhead-web_900x900_crop_center.jpg?v=1639682804,https://www.bhcosmetics.com/products/constellation-12-piece-face-eye-brush-set
