/collections/blush/products/cybele-smooth-nwear-powder-blush,CYBELE SMOOTH N'WEAR POWDER BLUSH,75,Various shades that fit all skin tones with exceptional perfect color uniformity that long lasts to give you an attractive and healthy look.,BB8A76|BRUN; DEA5AA|BOIS DE_ROSE; DA9F95 Orangette; E78075 ROSE TENDRESSE; DD91A8 ROSE COUTURE; F5988A Corail
/collections/compact/products/cybele-compact-foundation,CYBELE COMPACT FOUNDATION,125,"An extremely soft and creamy powder foundation with natural , luminous and smoothing finish thanks to its active ingredients with vital properties.It can be used dry or wet (for maximum coverage).",B18C72 BEIGE; BEA08A HONEY
/collections/compact/products/cybele-smooth-nwear-compact-powder,CYBELE SMOOTH N'WEAR COMPACT POWDER,125,"Experience the exceptional sensation of this skin shaping powder. It gives a smooth, natural feel while imparting a touch of shine to brighten up the skin with exceptional silky finish and sheer perfect coverage.",E9D0C4 nude; ECCCC0 TRANSPARENT; E0B5A6 OPALE; DFB8AB DOREE; D1AD9A CREME; D9B3A2 Medium Beige; E7C9BE Porcelain; E4C4B8 Petal
/collections/concealer/products/cybele-perfect-concealer,CYBELE PERFECT CONCEALER,80,"This creamy, liquid concealer with easy & smooth brush gives full, natural-looking coverage and a soft, radiant finish to hide flaws, blemishes and dark circles perfectly. Blends easily into the skin for a luminous result.",CDB09F OPALE; CDB09E BEIGE; 946A56 GINGER; B18669 AMBER
/collections/concealer/products/cybele-jambo-matic-concealer-new-black,CYBELE JAMBO MATIC CONCEALER NEW BLACK,85,"An anti-dark circle complexion ""perfecter"" that lights up dull areas around your eyes or any dark or Light spots on your skin for a healthy glow. The high-precision concealer increases the anti-fatigue effect and diminishes imperfections. An instant burst of freshness for your eye contour .",E0B49F LIGHT BEIGE; CB9B8B CARAMEL
/collections/concealer/products/cybele-cover-up-concealer-contour,CYBELE COVER UP CONCEALER & CONTOUR,90,"An easy-to-use liquid formula that gives a smooth appearance, unifies skin tone to reveal a radiant appearance",81483A BEIGE CAFE; C01B4E GLAM FUSCHIA; 9B0A14 ROUGE PASSION; A65160 CANDY ROSE; 7A342D BOIS DE ROSE
/collections/customer-favorites/products/cybele-hot-lash-mascara,CYBELE HOT LASH MASCARA,125,A touch of glamour for your lashes with hot lash mascara. A very deep black mascara with a fabulous volume effect to emphasize your beauty and charm.,BB8A76|BRUN; DEA5AA|BOIS DE_ROSE; DA9F95 Orangette; E78075 ROSE TENDRESSE; DD91A8 ROSE COUTURE; F5988A Corail
/collections/customer-favorites/products/cybele-new-dip-liner,CYBELE NEW DIP LINER,105,"Waterproof and long lasting eyeliner, with a high shine effect to give you that charming mysterious look.",F2EBEC White Matte; 312F30 Noir Couture; 939093 Fume; 462F29 Brun; A56C6D Aubergine; 62828E TURQUOISE; 936048 COPPER; A9846C BEIGE
/collections/customer-favorites/products/cybele-liquid-lip-color,CYBELE LIQUID LIP COLOR,65,"Excellent coverage & incomparable brightness with Shine Appeal liquid lipstick. Provides intense moisture with bold, long lasting shine.",1C1C1C BLACK; 263D55 ELECTRIC BLUE; 203638 ELECTRIC GREEN; 27201E BROWN; 1E4555 TURQUOISE; 222960 AQUA MARINE; 20283A DARK BLUE
/collections/eye-shadow/products/cybele-smooth-nwear-mono-eye-shadow,CYBELE SMOOTH N'WEAR MONO EYE SHADOW,60,"Discover an advanced powder eye shadow, so intense and luminous with creamy touch and supreme payoff of pure color. never fades and color lasts for hours .",3E2925 Soft Brown; 796A69 WORM BLONDE; 55443F AUBURN
/collections/eye/products/cybele-kajal-new-black-pencil,CYBELE KAJAL NEW BLACK PENCIL,45,"Excellent coverage and super softness that lasts up to 10 hours.NO Smudge- Fade-Budge.A combination of make-up and care to vitalize, nourish and reduce irritation.",BB8A76|BRUN; DEA5AA|BOIS DE_ROSE; DA9F95 Orangette; E78075 ROSE TENDRESSE; DD91A8 ROSE COUTURE; F5988A Corail
/collections/eye/products/cybele-lush-lash-mascara,CYBELE LUSH LASH MASCARA,85,"Dramatically defines lashes , separating them from root to tip, in addition to lash boosting collagen effect. thanks to its special brush for excellent mascara loading onto lashes and easy definition.",B18C72 BEIGE; BEA08A HONEY
/collections/eye/products/cybele-3d-mascara,CYBELE 3D MASCARA,140,Experience extra volume and sensual thick lashes with its concaved brush to reach all lashes in one stroke. Advanced mascara for magnified depth and volume.,E9D0C4 nude; ECCCC0 TRANSPARENT; E0B5A6 OPALE; DFB8AB DOREE; D1AD9A CREME; D9B3A2 Medium Beige; E7C9BE Porcelain; E4C4B8 Petal
/collections/eye/products/cybele-level-up-mascara,CYBELE LEVEL UP MASCARA,85,Satisfy your desire for flawlessly arched lashes. Build Up to Level Up your ideal lash finish. The arched brush instantly lifts lashes while wrapping even the tiniest of them.,E0B49F LIGHT BEIGE; CB9B8B CARAMEL
/collections/eye/products/cybele-mascara-maxi-volume-shock,CYBELE  MASCARA MAXI VOLUME & SHOCK,150,Enjoy a charming look with maxi volume & shock mascara with its outstanding brush that miraculously volumizes your lashes,AE7664|TRANSPARENT; C59389|PORCELAINE; BD8E77|LUMINEUX
/collections/eye/products/brow-mania-powder-for-brows,BROW MANIA POWDER FOR BROWS,90,Silky powder brow liner that creates an intense powder line with either a natural look or dramatic finish for eyebrows and can also be used as eye shadow.The applicator provides easy handling as well as soft and silky application.,CEAE9F IVORY; CFA88F PINK; D3B4A6 LIGHT BEIGE; C0927B CARAMEL; CEA386 MEDIUM BEIGE; D7AEA1 PETAL
/collections/eye/products/cybele-cozy-eyeliner-gel,CYBELE COZY EYELINER GEL,90,waterproof -High coverage - Long lasting up to 10 hours,B18C72 BEIGE; BEA08A HONEY
/collections/eye/products/eye-brow-new-black-pencil,EYE BROW NEW BLACK PENCIL,70,"Long-Lasting, highly pigmented powder brow liner. Ideal for filling, lengthening and shaping of the eyebrows.",AE7664|TRANSPARENT; C59389|PORCELAINE; BD8E77|LUMINEUX
/collections/face/products/cybele-out-wear-foundation,CYBELE OUT WEAR FOUNDATION,180,Outlasts all expectations with its unique modern fusion of care & cover that lasts up to 16 hours of very high coverage for skin imperfections. It stimulates collagen renewal which restores skin lifting and elasticity.,884C45 OLD PINK; 734134 NUDE; 9B544E PINKY NUDE; A8555C SEXY ROSE; 883F41 CASHMERE; 6A3F40 OLD LILAC; 703235 DARK LILAC; 72262B  DEEP FUCHSIA; 6B2C2D PLUM; 681913 WILD RED; 5D1E1D DARK WINE; 421E1B VIVID BURGUND
/collections/face/products/cybele-pan-stick,CYBELE PAN STICK,85,"An innovative formula which combines the lightness and softness of the emulsion with noticeable coverage of the compact foundation. This fresh and creamy texture can easily cover imperfections, granting avelvety and homogeneous finish.",FF819E Pink; 9B3A3F Old Pink; B62925 Scarlet Red; C94B38 Orange; C64C6F Fuchsia; A61B3C Dark Fuchsia; A33E39 Plum; D8453C Candy; 982F3A Sensual Rose; BE241D Fruity Orange
/collections/face/products/cybele-liquid-foundation,CYBELE LIQUID FOUNDATION,150,Luxurious weightless diffusing fluid make-up of medium to high coverage that boosts tired skin and hides any imperfections thanks to its hydrating and antiaging formula that stays supple throughout the day.,A65F4E CREME CARAMEL; B75168 70`S FLAIR; E56664 POMPADOUR; A2211F POISON PASSION; AD5251 CUPCAKE; 8A3D35 COPPER; 8B3430 REDDISH BROWN; D8324A Magenta
/collections/fragrance/products/cybele-perfume-magic-touch-edp,CYBELE PERFUME MAGIC TOUCH EDP,200,perfume,FE7B8E|ROSE; 8EDB6B|KIWI; 04D8B7|SNOW; 43E1F3|JASMINE
/collections/fragrance/products/cybele-perfume-gold-secret-edp,CYBELE PERFUME GOLD SECRET EDP,200,perfume,CAC1C0 MILK; C7B9A9 WHITE; 976A5C SAND SHINE; 845C47 SUN BEAM; 744744 SUNDAE BIEGE; B6333E FUSCHIA; 97203D VIOLET; AF1D1C ROUGE POMPIER; BA2F2F CALIFORNIA; B5291D SUN LIGHT; B22834 CANDY ROSE; 93100C RED RED; 5E141B FAUVE; 1D3B68 DEEP OCEAN; 4A1D35 BLUE RAY; 2A0C0B DESERT RED
/collections/lip-liner/products/cybele-new-lip-liner,CYBELE NEW LIP LINER,45,"Long-lasting and waterproof lipliner with a surprisingly soft color pay-off. Precise, easy to blend and provides good coverage.",f7d6e7 NAIL HARDENER; fafcfb TOP COAT; fff0f3 QUICK DRY; fbf5f5 NO MORE YELLOW; fefcff GOOD BYE CUTICLE; e34323 OPTI GROW; ded4d3 WHITENING NAIL MASK; d3c3ac MATT TOP COAT; d19072 FLOWERY GLITTER; fcfafd PLUMPING TOP COAT
/collections/lip/products/cybele-desire-lipstick-pencil,CYBELE DESIRE LIPSTICK PENCIL,80,Superstay supermatte lipstick,8D5F48 Skin; DDC8BE white; D0C3B3 sheer nude; 9A675F|flamingo; 775155|plum; CFC4C3 MILK; E4D9D6 WHITE pearl; A77574 603 SUN BEAM COLLECTION; A16F6B 604 SUN BEAM COLLECTION; 7D5A44 FOUNDATION; 8D634F FOUNDATION; 6B3217 SPICE CREAM; 713421 Milkshake; BA6C70 ROSSY BLOOM; BD2320 ROYAL RED; BAB8B4 DEEP BURGUNDY; D07B7F imperial; 211313 sangria; 221616 marron; 28141D dark purrle; 4E1211 red red; 4300000000000 rouge diva; B22D21 sun light; 73413D rose poudre; 522A2C 102 caramel; 4C1C38 amethyst; DA5B58 rouge orange; 171717 noir excentric; B71C1A ROUGE POMPIER; 262326 ECLIPSE; 4F4644 GREY; 802D27 FALL IN LOVE; 711212 FIRE WAVE; BD2E2A CALIFORNIA; 1E213A DEEP OCEAN; EF7563 PINK LEMONADE; 2F7726 FLASH; 335A56 ISLAND; 4d342a CACAO; C5876E PEACH; 382B1E BRONZE; 9A6963 WOODY; 7C9CCF baby blue; AA927D Gold; E9C7FC Nail Hardener; FDFDFD Top Coat; F9E7E4 Quick Dry; FFFAF9 No more yellow; FDF6F6 Good Bye cuticle; F4F0F1 Opti Grow; DBD5D2 Whitening Nail mask; EEDDC6 Matt top coat; E07D69 Flowery Glitter; FCFBFC Plumping top coat
/collections/lip/products/cybele-matte-lipstick,CYBELE MATTE LIPSTICK,75,A unique product that combines the concentration of color and long-lasting stability with the softness and high hydration of the lips because it contains wild mango butter known to rebuild the lips and protect them from cracking with multiple and attractive colors that suit all tastes,6f3736 WOODY; 574223 BRONZE; c07862 PEACH; 355f5e ISLAND; 244c7f BLUE LAGUNE; 214d2a GREN LEAVES; 1f1f21 ECLIPSE; 4b1612 FAUVE; 84090c ROUGE POMPIER; 4e1c1f LIT DE VIN; 61191a rubis; 19171a noir excentric; ce3935 rouge orange; 622949 amethyst; 703d3c rose poudre; a11312 sun light; 261818 rouge diva; 9b2154 rose vamp; 511716 red red; af3146 fuschia; 69161e mulberry; 501318 berry; 28191c dark purple; 271919 marron; 2d1316 sangria; 91383c imperial; 241616 DEEP BURGUNDY; 5e0f0b ROYAL RED; 9e6f5d FOUNDATION; a46d72 604 SUN BEAM COLLECTION; a06665 603 SUN BEAM COLLECTION; d6ccca MILK; cfc2b1 SHEER NUDE; d1bab2 WHITE; 845541 SKIN
/collections/lip/products/cybele-rich-cream-lip-stick,CYBELE RICH CREAM LIP STICK,60,"Sparkle with Rich Cream emollient hydrating formula,vital for essential coverage and shiny lips with colorful shades to fit all tastes.",CAC1C0 MILK; C7B9A9 WHITE; 976A5C SAND SHINE; 845C47 SUN BEAM; 744744 SUNDAE BIEGE; B6333E FUSCHIA; 97203D VIOLET; AF1D1C ROUGE POMPIER; BA2F2F CALIFORNIA; B5291D SUN LIGHT; B22834 CANDY ROSE; 93100C RED RED; 5E141B FAUVE; 1D3B68 DEEP OCEAN; 4A1D35 BLUE RAY; 2A0C0B DESERT RED
/collections/lip/products/cybele-12-hours-lip-stick,CYBELE 12 HOURS LIP STICK,60,"A unique lipstick which combines the intensity of the shade and long lasting effect,thanks to its special formula which improves the lipstick adherence.",6f3736 WOODY; 574223 BRONZE; c07862 PEACH; 355f5e ISLAND; 244c7f BLUE LAGUNE; 214d2a GREN LEAVES; 1f1f21 ECLIPSE; 4b1612 FAUVE; 84090c ROUGE POMPIER; 4e1c1f LIT DE VIN; 61191a rubis; 19171a noir excentric; ce3935 rouge orange; 622949 amethyst; 703d3c rose poudre; a11312 sun light; 261818 rouge diva; 9b2154 rose vamp; 511716 red red; af3146 fuschia; 69161e mulberry; 501318 berry; 28191c dark purple; 271919 marron; 2d1316 sangria; 91383c imperial; 241616 DEEP BURGUNDY; 5e0f0b ROYAL RED; 9e6f5d FOUNDATION; a46d72 604 SUN BEAM COLLECTION; a06665 603 SUN BEAM COLLECTION; d6ccca MILK; cfc2b1 SHEER NUDE; d1bab2 WHITE; 845541 SKIN
/collections/lip/products/cybele-color-shock-lip-stick,CYBELE COLOR SHOCK LIP STICK,60,"Hydrates and plumps the lips for lasting softness and luscious smooth color. This texture cushions, comforts and firms lips with pure saturated color and a glossy shine.",FE7B8E|ROSE; 8EDB6B|KIWI; 04D8B7|SNOW; 43E1F3|JASMINE
/collections/lip/products/cybele-lip-designer,CYBELE LIP DESIGNER,60,Colorful and incredibly soft with a luminous satin finish. Infused with a Collagen Booster for smoother and vivid lips.,f7d6e7 NAIL HARDENER; fafcfb TOP COAT; fff0f3 QUICK DRY; fbf5f5 NO MORE YELLOW; fefcff GOOD BYE CUTICLE; e34323 OPTI GROW; ded4d3 WHITENING NAIL MASK; d3c3ac MATT TOP COAT; d19072 FLOWERY GLITTER; fcfafd PLUMPING TOP COAT
/collections/nail/products/cybele-acetone,cybele acetone,30,Rapidly removes nail polish with its special formula to promote strong nails and soften cuticles.,FF819E Pink; 9B3A3F Old Pink; B62925 Scarlet Red; C94B38 Orange; C64C6F Fuchsia; A61B3C Dark Fuchsia; A33E39 Plum; D8453C Candy; 982F3A Sensual Rose; BE241D Fruity Orange
/collections/nail/products/cybele_everlast_nail_polish,CYBELE EVERLAST NAIL POLISH,40,Fast Dry - Superstay - Brilliant Shine - One Coat - Formula from france,A65F4E CREME CARAMEL; B75168 70`S FLAIR; E56664 POMPADOUR; A2211F POISON PASSION; AD5251 CUPCAKE; 8A3D35 COPPER; 8B3430 REDDISH BROWN; D8324A Magenta
/collections/nail/products/cybele-nail-care-7-ml,CYBELE NAIL CARE 7 ML,23,The optimum treatment for splitted and weak nails,B94A54 WILD ORCHID; B74645 CONGO PINK; 82454F PURPLE; 912C2E MARRON; D35259 Misty Rose
/collections/nail/products/cybele-nail-polish-10-ml,CYBELE NAIL POLISH 10 ML,36,Fast Dry - Superstay - Brilliant Shine - One Coat - Formula from france,
/collections/nail/products/cybele-nail-polish-7-ml,CYBELE NAIL POLISH 7 ML,23,Fast Dry - Superstay - Brilliant Shine - One Coat - Formula from france,
